Address,opAirdropScore,TokenBalanceGIV,TokenBalanceOP,GRDonations,EthDeposits,OptimismBridges,OpTreasuryPayouts,IsOptimismDelegate,InteractedWithContracts,CreatedGnosisSafe,OwnsGnosisSafe,ExecutedGnosisTx,isPartOfOPTreasury,IsGitcoinProjectOwner,GitcoinPassportScore,RegenPOAPs,OptimismTxCount,TrustedSeedMember,GivethActivity,TotalScore
0xf55e4d10AF7CfE7FC822285b9B25e7af883380c6,false,false,0.23,0,false,0,0,0,1,false,false,false,false,false,false,false,12,false,false,610
0x214a33Ad7cF5010Fc8CEE8D501B0CA20C12FdF9e,365.20033838051756,false,283.10,28,false,0,2,1,1,1,1,false,false,false,false,false,386,false,1,2387.5189181556025
0x762cB991fa0A274999EbA2150778C0EFD45f6E4A,false,false,false,0,false,0,0,0,1,false,false,false,false,false,false,false,2,false,false,300
0x4156EDbAFC5091507dE2dD2a53dEd551a346f83b,false,false,false,0,false,0,0,0,1,false,false,false,false,false,false,false,42750,false,false,300
0xDbd300Eba0F755Bb06DA769A4E1A84E4330068AF,21.593382125891885,false,57.11,5,false,1,1,1,1,false,false,false,false,false,false,false,721,false,false,1920
0xE42aCe1D1e686e9245F74795DA3433aec452Fd75,37.313012914538234,false,2.24,0,false,3,1,0,1,false,false,false,false,false,false,false,534,false,false,1016.0130163604359
0xD8d73969CaEDdb6b313c43168544eC802b65dB37,false,false,false,0,false,0,0,0,1,false,false,false,false,false,false,false,30,false,false,800
0xEbe80f029b1c02862B9E8a70a7e5317C06F62Cae,254.33526011560699,false,37031567.59,0,false,0,1,0,1,false,false,false,false,false,false,false,539127,false,false,1010
0x2D2cC0eB095e43204E0C087E07Dbf95909650939,254.33526011560699,false,263.34,0,false,0,1,0,false,false,false,false,false,false,false,false,648910,false,false,810
0xbBF18E915C4E95c4140445edF9F6a53Dd84E0173,false,false,false,0,false,0,0,0,1,false,false,false,false,false,false,false,27,false,false,300
0xFC0d511Ccd6Dc4c28fD132FFD6e69648555720Db,2469.3580921499392,false,1039.26,10,false,1,1,0,1,false,false,false,false,false,false,false,411,false,false,1152.0863350505329
0xA836F92B001C435C9e5D464c8adbE69DDA9930Bc,false,false,false,0,false,0,0,0,false,false,false,false,false,false,false,false,2,false,false,100
0x594Dd4d1Cf8A3BdeA0187Fd1f91A1Fe031D420Cf,false,false,false,0,false,0,0,0,false,false,false,false,false,false,false,false,1,false,false,100
0x68d98BEA88E5152C915611bA11E0657d19AA9dED,false,false,21.88,0,false,1,0,0,1,false,false,false,false,false,false,false,122,false,false,910
0x4E8BB4aD5B5b44D5C78e91bD73612ad0FC99ea9a,false,false,false,0,false,0,0,0,false,false,false,false,false,false,false,false,1,false,false,100
0xC8373EDFaD6d5C5f600b6b2507F78431C5271fF5,254.33526011560699,false,133369.04,0,false,0,1,1,1,false,false,false,false,false,false,false,196399,false,false,1510
0x79898785198914E6e9aDddc3E142CdA7e1174128,false,false,false,0,false,0,0,0,false,false,false,false,false,false,false,false,2,false,false,100
0xf491d040110384DBcf7F241fFE2A546513fD873d,229.92154625091248,false,1917959.71,0,false,0,1,0,1,false,false,false,false,false,false,false,180330,false,false,1010
0x45BB0AfF58536C3bC50E33cF1056573533EcE369,false,false,156.13,45,false,0,0,1,1,false,false,false,false,false,false,false,145,false,false,1210
0x402EBC68fe9A8ecb19115B9d46ddC0f87A0A8621,false,false,false,0,false,2,0,0,1,false,false,false,false,false,false,false,120,false,false,600
0x5fe5256a5dd4e30ad3106F97ac101b1d3b4c1317,false,false,false,0,false,0,0,0,1,false,false,false,false,false,false,false,16078,false,false,300
0x7Dd2be525d829d383Cc9c91912ADccEBc254998c,424.25987749948666,false,0.49,0,false,1,1,0,1,false,false,false,false,false,false,false,229,false,false,1010.1154952485463
0x81E509B929414434eE6F6bdB9F85F3703067cc1B,false,false,false,0,false,0,0,0,1,false,false,false,false,false,false,false,153,false,false,300
0xCDB49b0bE40e3605A098E5c97005910Cc9F2106A,271.8337789004963,false,false,0,false,1,1,0,1,false,false,false,false,false,false,false,4,false,false,1000
0x98f1d35bB3A4570AeAa601aA3eB54d8fc7aB37e1,1190.267702142779,false,false,0,false,0,1,0,1,false,false,false,false,false,false,false,2,false,false,700
0x85147cD2D2E02ab176D85964E787bb2a0879cE8D,false,false,false,0,false,0,0,0,1,false,false,false,false,false,false,false,3,false,false,300
0x85E38523A65a5c9F628c5477033C742da1c218cc,false,false,false,0,false,0,0,0,1,false,false,false,false,false,false,false,69368,false,false,300
0xC185D89F3E98B906B3Ec8AF1d6EC19cC02fbea78,false,false,11.55,0,false,0,0,0,1,false,false,false,false,false,false,false,168,false,false,620
0xd39Cd96F0Ac0C785ca5759766C1efCc6d82Fe6F8,35.41229686247181,false,false,0,false,0,1,0,1,false,false,false,false,false,false,false,323,false,false,700
0x91b59d2667FF31e1453Ea1e3fbABB037E67D3992,2717.055764112034,false,3000.91,0,false,0,1,0,1,false,false,false,false,false,false,false,570,false,false,1010
0xFA011d8d6C26F13Abe2CEFEd38226E401B2b8a99,2469.3580921499392,false,2469.36,0,false,0,1,0,1,false,false,false,false,false,false,false,409670,false,false,810
0xB1f0D485227DbeCFf6F1c0F28a58bBa1a97D4D81,2469.3580921499392,false,2469.36,0,false,0,1,0,1,false,false,false,false,false,false,false,436052,false,false,810
0x84fA7bf6bEc68d460067d98cAD37d68028C160D9,false,false,false,0,false,0,0,0,1,false,false,false,false,false,false,false,39,false,false,300
0x0711fE03A256E2e80162262C1BBdA715F03B9bF4,false,false,false,0,false,0,0,0,1,false,false,false,false,false,false,false,152,false,false,300
0xd3043dc6b2672d1B0cc48D95E5f326186b3c76DD,false,false,0.73,0,false,0,0,0,1,false,false,false,false,false,false,false,137,false,false,610
0x277Fa632719008A76b9Cc40b4F37421460F928aB,false,false,0.15,0,false,0,0,0,1,false,false,false,false,false,false,false,9,false,false,610
0x4F2fC9E8464161F0B7ee6C7357F4b789DBD2169E,8.648681466372407,false,10.21,6,false,0,1,1,1,false,false,false,false,false,false,false,293,false,false,1610
0xc68B60EFbb0cB223708c40ee9C264EDf04378951,false,false,false,0,false,0,0,0,1,false,false,false,false,false,false,false,207,false,false,300
0x378097a15428ff5531F2Bd8DC96e8F94EE3754fA,4.385121666591394,false,false,0,false,1,1,1,1,1,1,false,false,false,false,false,196,false,false,1900
0xE2F087785a79c6332Ee2d7e28e2955A60dB7095F,false,false,false,0,false,0,0,0,1,false,false,false,false,false,false,false,50,false,false,300
0x5bdf85216ec1e38D6458C870992A69e38e03F7Ef,254.33526011560699,false,1426189.87,0,false,0,1,0,1,false,false,false,false,false,false,false,102260,false,false,1020
0xDD6483d981eD6E8AD739Cac7E51CFaB6Eb85e34a,false,false,false,0,false,0,0,0,1,false,false,false,false,false,false,false,1,false,false,300
0x12641aE0E159c560A6d6731feAC64CC494e1d140,8.628707024068056,false,10.20,6,false,0,1,1,1,false,false,false,false,false,false,false,294,false,false,1610
0xEA080F268D478da08F95C174374e4f0B374044a5,242.77456647398847,false,0.00,0,false,0,1,0,1,false,false,false,false,false,false,false,132987,false,false,710.0018809523809
0x3B9d2F1d0D9934F31Ea294ae916C155B93F417C6,false,false,false,0,false,0,0,0,1,false,false,false,false,false,false,false,1,false,false,300
0x64b7a7aE5b9Fafd8cB20F57c77b1A050aF49DB10,false,false,false,0,false,0,0,0,1,false,false,false,false,false,false,false,3,false,false,300
0x074a9eD58d11e3f0f589072c99dE86F80971A844,false,false,false,0,false,0,0,0,1,false,false,false,false,false,false,false,392504,false,false,300
0xB8FF877ed78Ba520Ece21B1de7843A8a57cA47Cb,false,false,false,0,false,0,0,0,1,false,false,false,false,false,false,false,4244558,false,false,300
0x8CFc4459394801D2EA78F9cEeB31a7f58B8CdDDe,2723.6933522655463,false,2723.69,0,false,0,2,0,1,false,false,false,false,false,false,false,306992,false,false,810
0xBb37CA7128A6eD57557C31013900BF978211BFD4,631.2097675470231,false,61.28,0,false,3,2,1,1,false,false,false,false,false,false,false,266,false,false,1519.7089019537382
0x2539ffc9DeD82926A5AAEe065E800C7d1DE02454,2469.3580921499392,false,false,0,false,0,0,0,1,false,false,false,false,false,false,false,509956,false,false,300
0xA35c949f8dFa0987FB7009683Ed4B27F3763EE87,8.306834492965685,false,9.87,6,false,0,1,1,1,false,false,false,false,false,false,false,291,false,false,1610
0x4399fa85585F90DA110d5BA150fF96C763bc0Aba,false,false,false,0,false,0,0,0,1,false,false,false,false,false,false,false,501194,false,false,300
0x152474f670E46182cA00dc4D7294E9D453f18317,false,false,false,0,false,0,0,0,1,false,false,false,false,false,false,false,63,false,false,300
0xa3F67B69cCaB3D32dB3C3539d49d169F7F252ee7,false,false,3.00,0,false,0,0,0,1,false,false,false,false,false,false,false,12,false,false,610
0xc5a53b78734284D683d623C5C06D2e646abCec3f,false,false,false,0,false,0,0,0,1,false,false,false,false,false,false,false,69666,false,false,300
0xdE9a7241a13A83e7cc5039aaa684DB0aFb7EB0Dc,false,false,false,0,false,0,0,0,1,false,false,false,false,false,false,false,85,false,false,300
0x850588b10E90cbC51eD6F28427e5f841194F8590,false,false,false,0,false,0,0,0,1,false,false,false,false,false,false,false,40,false,false,310
0xE4eDb277e41dc89aB076a1F049f4a3EfA700bCE8,false,false,false,0,false,0,0,0,false,false,false,false,false,false,false,false,176746,false,false,100
0x88eaCcc16E9E9D889327C86Bed6732E00ce01750,false,false,false,0,false,0,0,0,1,false,false,false,false,false,false,false,11,false,false,300
0x2a11e2035a1116e345D2d8c69202F7ABefACE5FF,false,false,false,0,false,0,0,0,false,false,false,false,false,false,false,false,1,false,false,100
0x56E5c18D8249d2A4eD74b1c7718D9327dDE1cC68,false,false,false,0,false,8,0,0,1,false,false,false,false,false,false,false,326,false,false,600
0x5DDf785Ea1911B6A7D0Cb2a5D97f5364efCb05d8,false,false,86.91,0,false,0,0,0,1,false,false,false,false,false,false,false,121,false,false,610
0x60c92305cE125B440Ef97439F26396f2F3bEff48,2494.6633375135852,false,110.98,21,false,2,1,0,1,false,false,false,false,false,false,false,753,false,false,1114.448649308956
0xdA8049e0492fD28cEC24267C02F773F0e99E4b88,false,false,false,0,false,0,0,0,1,false,false,false,false,false,false,false,473125,false,false,300
0x424683888Bc33389c1bc830fBBFF5bc9bC07A36B,false,false,false,0,false,0,0,0,1,false,false,false,false,false,false,false,4,false,false,300
0x685Ee51518320A6625fA2BB523b2eAb385df68b3,false,false,false,0,false,0,0,0,1,false,false,false,false,false,false,false,99408,false,false,300
0x8A6a17F1A3DA0F407A67BF8E076Ed7F678D85f29,false,false,false,0,false,0,0,0,1,false,false,false,false,false,false,false,808,false,false,300
0xe4633575FBd4Fa10C36Bd7Dc24bAb7775b0ADad4,false,false,0.24,0,false,0,0,0,1,false,false,false,false,false,false,false,69,false,false,610
0x9FdDF8fE316f75e978c5dA979144DfF0590968aF,false,false,false,0,false,0,0,0,1,false,false,false,false,false,false,false,17,false,false,300
0xf22fe95e4bf11Bf8426271f7A644ed1f88D9E0A8,false,false,false,0,false,0,0,0,1,false,false,false,false,false,false,false,19,false,false,300
0x822155cD1299f091F0ec88e77D970E84db273189,false,false,false,0,false,0,0,0,1,false,false,false,false,false,false,false,81,false,false,300
0x61b6a85e524D4B633F81738063833Dc065d4F40B,false,false,false,0,false,0,0,0,1,false,false,false,false,false,false,false,29,false,false,300
0x8775176d59002A89B7F9358A26C578F83FbA9caf,false,false,false,0,false,0,0,0,1,false,false,false,false,false,false,false,13,false,false,300
0xd3f160E76b46593E8c62E6e6F57a1a7ab1CF45D1,false,false,false,0,false,0,0,0,1,false,false,false,false,false,false,false,7,false,false,300
0x7bB67731E1dc56D75beB2d93d52851bb39b6d833,false,false,false,0,false,0,0,0,1,false,false,false,false,false,false,false,6,false,false,300
0x80C67432656d59144cEFf962E8fAF8926599bCF8,254.33526011560699,false,44.94,0,false,10,1,0,false,false,false,false,false,false,false,false,384939,false,false,827.6704612113306
0x73Fa41c01077fE85ed557125848c509b013272E0,437.2680771677467,false,0.55,0,false,1,1,0,1,false,false,false,false,false,false,false,211,false,false,1010.1249602423784
0xFcAb105F670509866592DBe810B01f23eC6168ef,false,false,false,0,false,0,0,0,1,false,false,false,false,false,false,false,18,false,false,300
0x39Fd396a35EA9FB1Cf35Ba15062Da8AD19d9ec77,false,false,false,0,false,0,0,0,1,false,false,false,false,false,false,false,44,false,false,300
0x785BcE358E1D65eaE596455F51349257FC278F38,false,false,false,0,false,0,0,0,1,false,false,false,false,false,false,false,546933,false,false,300
0xd2085f9C9Cc7698133462F2933E03D219a923478,false,false,4.85,0,false,0,0,0,1,false,false,false,false,false,false,false,34,false,false,620
0x789e99657ceC90D1b1facCf9Ee5D63eD17470F83,false,false,false,0,false,0,0,0,1,false,false,false,false,false,false,false,4,false,false,300
0x0eC8C155bA8f5AdC4F208e1884f8E09DdbC0BD80,242.77456647398847,false,false,0,false,0,1,0,1,false,false,false,false,false,false,false,74987,false,false,700
0x6aef9642aa23002D0ca110a305b0497412dA2853,false,false,false,0,false,0,0,0,1,false,false,false,false,false,false,false,19,false,false,300
0x202960E999A751Fb6d7b8ED18a81a5E5BfFD1182,false,false,1.35,0,false,0,0,0,1,false,false,false,false,false,false,false,6,false,false,610
0xb9DCE4552F39901c2EF5957726aC541699d7764D,2469.3580921499392,false,false,0,false,0,1,0,1,false,false,false,false,false,false,false,264,false,false,700
0xe280B552A5cd0067d91F6cDB4060F678b460cE63,8.8051727845495,false,0.00,0,false,0,1,0,1,false,false,false,false,false,false,false,302,false,false,710.0379140181684
0x3c1d7D7D47eE3201eAF0910B67222A5c8A1443ff,false,false,false,0,false,0,0,0,1,false,false,false,false,false,false,false,12,false,false,300
0xdD0955D12962044D427753F6C9b6C241d2A7D965,false,false,false,0,false,0,0,0,1,false,false,false,false,false,false,false,26344,false,false,300
0x2bdF9249c350C68a43a9714c1b9153af54751b1C,2723.6933522655463,false,false,0,false,0,1,0,1,false,false,false,false,false,false,false,376465,false,false,700
0x87700B152DbbB59ce7F6176c2E7fe578Ba0aB51E,false,false,false,0,false,0,0,0,false,false,false,false,false,false,false,false,15861,false,false,100
0x0aAe1332e2a590bdc66f5b726FEB1D74e39DEa5a,false,false,false,0,false,0,0,0,1,false,false,false,false,false,false,false,67,false,false,300
0x5c409D5a26b4d04b6838C466fDF152E2CF079a19,2469.3580921499392,false,false,0,false,0,1,0,1,false,false,false,false,false,false,false,210,false,false,700
0xABAdbeD9EE3839304fEB849f41e7D1359ce6c5D3,15.523548843805138,false,102.40,0,false,0,1,0,1,false,false,false,false,false,false,false,352,false,false,1010
0x5602b566BEcde9DC58867eA51beCC0D9805e15Eb,false,false,0.10,0,false,0,0,1,1,false,false,false,false,false,false,false,31,false,false,1110
0x5993f025fdAEa9D27209F181228a1b91aD447F38,false,false,false,0,false,0,0,0,1,false,false,false,false,false,false,false,10,false,false,300
0xEb07070B5B87a07278ca99F132FA5E304fc2E074,98.77016597071221,false,false,0,false,0,1,0,1,false,false,false,false,false,false,false,5501,false,false,700
0xb3c506D60D45Abb917eE10a947749a098b497D3D,3051.522933723546,false,20.06,0,false,0,2,0,1,false,false,false,false,false,false,false,36283,false,false,710.6572546067687
0x661B7Acca8ebd93AFd349a088e9a9A00053DB1BF,false,false,14.29,0,false,0,0,0,1,false,false,false,false,false,false,false,471048,false,false,610
0x8d21D34fa0fA590b6D8b8f3DD4eB531F973ABA5c,false,false,false,0,false,0,0,0,false,false,false,false,false,false,false,false,false,false,false,0
0x0C2952f474D50F8F9764d0537E0f531A316E7286,false,false,false,0,false,0,0,0,false,false,false,false,false,false,false,false,false,false,false,0
0x491E59c255C790D4e3a53CEC2632524088f1aaA4,242.77456647398847,false,false,0,false,0,1,0,1,false,false,false,false,false,false,false,391334,false,false,700
0x12854790C3509a4AD730Ebc4a61A691347c41695,false,false,false,0,false,0,0,0,false,false,false,false,false,false,false,false,false,false,false,0
0xef8e3aD8F08929805B61b221Ea49f9e9A04e9553,false,false,false,0,false,0,0,0,false,false,false,false,false,false,false,false,false,false,false,0
0x9e7a59B3124A482E9f046c00910d22D62c21B272,242.77456647398847,false,0.00,0,false,0,1,0,1,false,false,false,false,false,false,false,133840,false,false,710.0018809523809
0x21f90Bd3A9E1FD8Ffd5a6cF7A8C29254d0Eb79aF,false,false,false,0,false,0,0,0,false,false,false,false,false,false,false,false,false,false,false,0
0x3c9d750FAB479C2218a17e516CCe9A55b227Cb2A,false,false,false,0,false,0,0,0,false,false,false,false,false,false,false,false,false,false,false,0
0x67799576403b6FdFe47751167318ea1A78fC2038,false,false,false,0,false,0,0,0,1,false,false,false,false,false,false,false,30032,false,false,300
0x0d527383AA9c3c7B39c61356534F3Fdc56Ee1eb3,false,false,false,0,false,0,0,0,false,false,false,false,false,false,false,false,false,false,false,0
0xE48bB442014FAd1ef67fb94B2171e1f6149bc1f4,false,false,false,0,false,0,0,0,1,false,false,false,false,false,false,false,21415,false,false,300
0x02E76Ca155EF710DDf846bD8C8192A7d2e91D9Cf,false,false,false,0,false,0,0,0,false,false,false,false,false,false,false,false,false,false,false,0
0x08FB419098450E49eFF322081C4dB324cf87cBFE,false,false,false,0,false,0,0,0,false,false,false,false,false,false,false,false,false,false,false,0
0x74D2eD497F17a620e758d3797A978264611907F7,false,false,false,0,false,0,0,0,false,false,false,false,false,false,false,false,false,false,false,0
0x013c97481f4bc30CE86C3649C63EcbAFE77b28B2,false,false,false,0,false,0,0,0,false,false,false,false,false,false,false,false,false,false,false,0
0x44a8c92b0FB8ED1903e7C719a3bA4950B6f6327a,false,false,false,0,false,0,0,0,false,false,false,false,false,false,false,false,false,false,false,0
0xd972683d7b4Ca8c88c088Cf96022abB4Ad1dD164,false,false,false,0,false,0,0,0,1,false,false,false,false,false,false,false,2,false,false,300
0xB8FF877ed78Ba520Ece21B1de7843A8a57cA47Cb,false,false,false,0,false,0,0,0,1,false,false,false,false,false,false,false,4244561,false,false,300
0x6faf538631F4521457eD761b6020beFd764867dD,false,false,false,0,false,0,0,0,1,false,false,false,false,false,false,false,7,false,false,300
0x57014Ee84cecB5d58e1D94F73680936c9cc4a785,false,false,false,0,false,0,0,0,false,false,false,false,false,false,false,false,false,false,false,0
0xECE70AbF2499E2C93AFae1b2093AdC7817756c33,242.77456647398847,false,0.00,0,false,0,1,0,1,false,false,false,false,false,false,false,128028,false,false,710.0018809523809
0x1234567be29e35585C02b48d8eC04B2b8F4f8048,false,false,false,0,false,0,0,0,false,false,false,false,false,false,false,false,false,false,false,0
0x2345678A1f4687FD76cdDb2D389Ab6B4Ac69072C,false,false,false,0,false,0,0,0,false,false,false,false,false,false,false,false,false,false,false,0
0x012345629F688F406cE29f442a9658d9bD072544,false,false,false,0,false,0,0,0,false,false,false,false,false,false,false,false,false,false,false,0
0x9a9B8DbCd08743Ae0f75eD48eDBB5db75814089b,false,false,false,0,false,0,0,0,1,false,false,false,false,false,false,false,4,false,false,300
0x02B44d2d429aff8227846EFf67FEa20b720c8645,false,false,false,0,false,0,0,0,false,false,false,false,false,false,false,false,false,false,false,0
0x978f2476D6aaA35f07e1d96449657f7C06759293,false,false,false,0,false,0,0,0,false,false,false,false,false,false,false,false,false,false,false,0
0xC865eb005feDa68Ad94a8f357D3C01Fa129E203C,242.77456647398847,false,0.00,0,false,0,1,0,1,false,false,false,false,false,false,false,133945,false,false,710.0018809523809
0x7216Fd13bD6904A08dCa3f393Bc3908Bb7Ed3ad2,false,false,false,0,false,0,0,0,false,false,false,false,false,false,false,false,false,false,false,0
0x17841f81e2F043E0a5433Ba5A8f6376C8D91C536,false,false,false,0,false,0,0,0,false,false,false,false,false,false,false,false,false,false,false,0
0x3fF3C97cA7dCa572111A89Dd165ffB20A1bFb60b,false,false,false,0,false,0,0,0,false,false,false,false,false,false,false,false,false,false,false,0
0x5e349eca2dc61abcd9dd99ce94d04136151a09ee,2678.7133986986823,false,2128.71,0,false,1,3,1,1,false,false,false,false,false,false,false,31,false,false,1599.4674854503064
0x429f9ada43e9f345cbb85ec88681bb70df808892,52.70853763572628,false,745.55,0,false,3,4,1,1,false,false,false,false,false,false,false,139,false,false,1810
0x406b607644c5d7bfda95963201e45a4c6ab1c159,false,false,5.00,0,false,0,1,1,1,false,false,false,false,false,false,false,1,false,false,1510
0xa6e8772af29b29b9202a073f8e36f447689beef6,1190.267702142779,false,1190.27,0,false,0,4,1,1,false,false,false,false,false,false,false,1,false,false,1310
0x2b888954421b424c5d3d9ce9bb67c9bd47537d12,843.2901049480135,15598.93,887.86,0,false,0,2,1,1,false,false,false,false,1,false,false,23,Pending to mint,1,2030
0x80fc5137886375e7e5c9fbaaf3f1bfcf86bce482,false,false,false,0,false,0,0,1,1,false,false,false,false,false,false,false,1,false,false,800
0xe93d59cc0bcecfd4ac204827ef67c5266079e2b5,false,false,1750.00,0,false,0,0,1,1,false,false,false,false,false,false,false,19,false,false,1110
0x8ccde64d05a7677d80a5960cb75fb8de486cf98d,false,false,false,0,false,0,0,1,1,false,false,false,false,false,false,false,1,false,false,800
0x2b7839e74e8a9145e594810508006b3e856088f8,false,false,2.00,0,false,0,0,1,1,false,false,false,false,false,false,false,1,false,false,1110
0xb1ea5a3e5ea7fa1834d48058ecda26d8c59e8251,830.7782783855168,false,false,0,false,0,3,1,1,false,false,false,false,false,false,false,192,false,false,1700
0xf4b0556b9b6f53e00a1fdd2b0478ce841991d8fa,31.940669568030145,false,786.82,0,false,0,2,1,1,false,1,1,false,false,false,false,76,false,false,2410
0x46abfe1c972fca43766d6ad70e1c1df72f4bb4d1,false,false,false,0,false,0,0,1,1,false,false,false,false,false,false,false,1,false,false,800
0x1b686ee8e31c5959d9f5bbd8122a58682788eead,false,false,false,0,false,1,0,1,1,false,false,false,false,false,false,false,15,false,false,1100
0x48a63097e1ac123b1f5a8bbffafa4afa8192fab0,4284.963691050723,false,35984.41,0,false,0,4,1,1,false,false,false,false,false,false,false,14,"1,125",false,1720
0x75536cf4f01c2bfa528f5c74ddc1232db3af3ee5,1391.6141352172756,false,false,0,false,2,5,1,1,false,false,false,false,false,false,false,43,false,false,1500
0x8f5415415d9200ccd8523f3ee88f96f476141cc3,false,false,5.29,0,false,0,0,1,1,false,false,false,false,false,false,false,22,false,false,1110
0x8f07bc36ff569312fdc41f3867d80bbd2fe94b76,1869.8781223991214,false,10513.24,0,false,0,3,1,1,false,false,false,false,false,false,false,57,false,false,1510
0x070341aa5ed571f0fb2c4a5641409b1a46b4961b,1932.941364039414,false,205.94,0,false,0,2,1,1,false,false,false,false,false,false,false,24,false,false,1220.6542602578324
0x3471884f189fd7c63fe8c83601d28ce0cc1b3853,1072.8681799239705,false,494872.55,0,false,8,2,1,1,false,false,false,false,false,false,false,149,false,false,1810
0xd1c5980984bdbb0061b842fa81b3d38859850c39,false,false,1.00,0,false,1,0,1,1,false,false,false,false,false,false,false,13,false,false,1410
0x839395e20bbb182fa440d08f850e6c7a8f6f0780,2430.297548832632,8726466.46,20208.25,308,false,1,3,1,1,false,1,1,false,1,false,false,129,"150,048",1,3330
0x8f73be66ca8c79382f72139be03746343bf5faa0,2244.0688543240685,false,769.95,0,false,4,1,1,1,false,false,false,false,1,false,false,64,false,1,2344.310625100463
0xb074ec6c37659525eef2fb44478077901f878012,false,false,48924.73,0,false,0,1,1,1,false,false,false,false,false,false,false,1,false,false,1510
0xdb5781a835b60110298ff7205d8ef9678ff1f800,false,false,false,0,false,0,0,1,1,false,false,false,false,1,false,false,2,false,false,1000
0x3d2d722b443a5cae8e41877bb7cd649f3650937c,false,false,false,0,false,0,0,1,1,false,false,false,false,false,false,false,1,false,false,800
0x45a10f35befa4ab841c77860204b133118b7ccae,7421.154724887683,false,616.72,0,false,5,2,1,1,1,1,1,false,false,false,false,98,false,false,2418.3103639326177
0x6cea573473348367a5f66e0f261bfa25799e6a60,3002.4845310489554,false,407.89,0,false,1,2,1,1,false,false,false,false,false,false,false,121,false,false,1523.5850842049936
0x1dd174bf2e090d0f1b1360ac8905780429b2642b,false,false,42067.00,0,false,0,2,1,1,false,false,false,false,false,false,false,1,false,false,1510
0x13838884271ec954cb036d0b29d404afab5eae2a,false,false,false,0,false,0,1,1,1,false,false,false,false,false,false,false,1,false,false,1200
0x9e5b45e4872de2ee4b6ffbd06b3735501826b032,734.2458128615858,false,1451.39,0,false,0,2,1,1,false,false,false,false,false,false,false,10,false,false,1510
0xc94ae9860b37170c08e51f453f8124a86cd7c0cd,false,false,false,0,false,0,0,1,1,false,false,false,false,false,false,false,1,false,false,800
0x7ae109a63ff4dc852e063a673b40bed85d22e585,false,false,4.00,0,false,0,0,1,false,false,false,false,false,false,false,false,false,false,false,810
0x62a43123fe71f9764f26554b3f5017627996816a,302.53805215987626,false,false,0,false,0,1,1,1,false,false,false,false,false,false,false,14,false,false,1200
0x9cbe5b896d0c24acf41860b9e3df6750c2040a40,false,false,false,0,false,0,0,1,false,false,false,false,false,false,false,false,false,false,false,500
0xc70abe97baf38782fa479b23311b611d0e82076b,false,false,false,0,false,0,0,1,1,false,false,false,false,false,false,false,8,false,false,800
0x38e77e487518851f47e8470433d69f3119304d7c,false,false,false,0,false,0,0,1,1,false,1,1,false,false,false,false,1,false,false,1700
0xaa31cb426e2c83cda9c850874d166d7fca836b14,false,false,false,0,false,0,0,1,1,false,false,false,false,false,false,false,14,false,false,800
0x2a185c8a3c63d7bfe63ad5d950244ffe9d0a4b60,false,false,371474.93,0,false,0,1,1,1,false,false,false,false,false,false,false,1,false,false,1510
0xc420c9d507d0e038bd76383aaadcad576ed0073c,false,false,false,0,false,0,0,1,false,false,false,false,false,false,false,false,false,false,false,500
0xc420c9d507d0e038bd76383aaadcad576ed0073c,false,false,false,0,false,0,0,1,false,false,false,false,false,false,false,false,false,false,false,500
0xa3ebc4a674ac613f797b45b4bdc1c1ddab13836a,false,false,false,0,false,0,0,1,1,false,false,false,false,false,false,false,2,false,false,800
0xe36e5afd431bbfd23598d2c37b018d2bde5eb5e1,false,false,false,0,false,0,0,1,1,false,false,false,false,false,false,false,1,false,false,800
0x9c8984a1b26ea82ffcc7a4ef058b303a85b7fa25,false,false,false,0,false,0,0,1,1,false,false,false,false,false,false,false,1,false,false,800
0x34b9422884969b3eeba798723429697053271c8a,false,false,false,0,false,0,0,1,1,false,1,1,false,false,false,false,4,false,false,1700
0x352fb838a3ae9b0ef2f0ebf24191acaf4ab9ecec,false,false,15774.72,0,false,0,1,1,1,false,false,false,false,false,false,false,1,false,false,1510
0x6fd2bd90d50edee139103454116f252f6f5ec928,false,false,false,0,false,0,0,1,1,false,false,false,false,false,false,false,2,false,false,800
0x3576aafaffe4c07f894447265b391856377157db,false,false,false,0,false,0,0,1,1,false,false,false,false,false,false,false,1,false,false,800
0x9ff6e05e9c5f4e2f5ed8fd771c98e0c07e933b85,false,false,2624.19,0,false,0,0,1,1,false,false,false,false,false,false,false,1,false,false,1110
0x07963001638c2e8283ef7f3dabf4242eaf5d4f79,false,false,false,0,false,0,0,1,1,false,false,false,false,false,false,false,1,false,false,800
0x489863b61c625a15c74fb4c21486bacb4a3937ab,false,false,87381.49,0,false,0,3,1,1,false,false,false,false,false,false,false,1,false,false,1510
0x2f30c18491435cb8bf24047d3398167ac327f750,false,false,false,0,false,0,0,1,1,false,false,false,false,false,false,false,17,false,false,800
0xdc01ea5b6b48187f5aa1e422e90dc01d03217b76,false,false,false,0,false,0,0,1,1,false,false,false,false,false,false,false,1,false,false,800
0x9b7df3a2df61e72df5c4d565a0e017d7c5c6e532,359.0276487789192,false,180.39,0,false,1,2,1,1,false,false,false,false,false,false,false,8,false,false,1560.2427046939265
0x4f41877773e44f2275da1942fee898556821bf66,7.538251077806598,false,false,0,false,0,1,1,1,false,false,false,false,false,false,false,58,false,false,1200
0xb7abf554aefd4686639afcf2a653adfda3d9b038,false,false,false,0,false,0,0,1,1,false,false,false,false,false,false,false,4,false,false,800
0xd23199f1222c418ffc74c385171330b21b16e452,1839.7306624237572,false,false,1,false,9,5,1,1,1,1,1,false,false,false,false,2770,false,false,2510
0xdab0d648a2a771e6952916a822dddf738b535f5a,false,false,false,0,false,0,0,1,1,false,false,false,false,false,false,false,1,false,false,800
0xed11e5ea95a5a3440fbaadc4cc404c56d0a5bb04,1927.380263059145,false,3810.21,0,false,0,2,1,1,false,false,false,false,false,false,false,24,false,false,1510
0x01e6b50557ef1a2ca58a621998ace3f278e808b8,8467.68060584847,false,false,0,false,0,1,1,1,1,1,1,false,false,false,false,252,false,false,2100
0x512fce9b07ce64590849115ee6b32fd40ec0f5f3,2705.007873208446,false,false,0,false,10,4,1,1,1,1,1,false,false,false,false,1412,false,false,2400
0x7899d9b1181cbb427b0b1be0684c096c260f7474,4.392624083609743,false,4.39,4,false,0,1,1,1,false,false,false,false,false,false,false,53,false,false,1410
0xdcf7be2ff93e1a7671724598b1526f3a33b1ec25,8364.690452050261,false,28032.74,0,false,0,5,1,1,1,1,1,false,false,false,false,293,false,false,2410
0x94db037207f6fb697dbd33524aadffd108819dc8,212.8628008356165,false,1331.25,0,false,0,5,1,1,false,false,false,false,false,false,false,72,false,false,1510
0x839395e20bbB182fa440d08F850E6c7A8f6F0780,2430.297548832632,8726466.46,20208.25,308,false,1,3,1,1,false,1,1,false,1,false,false,129,"150,048",1,3330
0x778549Eb292AC98A96a05E122967f22eFA003707,1092.2240005460353,false,1959.11,4,false,0,2,0,1,false,false,false,false,false,false,false,19,"42,249",1,1420
0x5b7575494b1e28974efe6EA71EC569b34958F72e,731.4265276912704,false,1446.07,0,false,0,2,0,1,false,false,false,false,false,false,false,2,"115,438",false,1220
0xCF52f1402e73418BC5E6AccBD246EE8Dfb055605,555.92602583913,false,555.93,0,false,2,1,0,1,false,false,false,false,false,false,false,6,"35,129",1,1420
0xe32BF4B7b9cB091b04e8500344a578d56b8f2593,false,false,false,0,false,0,0,0,false,false,false,false,false,false,false,false,false,"44,774",false,200
0xDF290293C4A4d6eBe38Fd7085d7721041f927E0a,2621.8386090455433,false,5186.54,2,false,0,2,0,1,false,1,false,false,false,false,false,9,"31,937",1,1810
0x1DBA1131000664b884A1Ba238464159892252D3a,1572.0600149337386,false,3107.51,0,false,0,2,0,1,false,false,false,false,false,false,false,5,"31,908",1,1310
0x7d547666209755FB833f9B37EebEa38eBF513Abb,555.92602583913,false,360.86,53,false,0,1,0,1,false,1,1,false,1,false,false,49,"37,264",1,2284.91091268975
0xb2821C0DF0c414ff51D3e8033CBA26DF6AaC587b,false,false,false,0,false,0,0,0,1,false,false,false,false,1,false,false,8,"28,498",1,800
0x852B8763ECB27bEdDC190d1792029bc17FD5439a,false,false,false,0,false,0,0,0,false,false,false,false,false,false,false,false,false,"29,195",1,300
0xcf79C7EaEC5BDC1A9e32D099C5D6BdF67E4cF6e8,false,false,false,70,false,3,0,0,1,false,1,false,false,false,false,false,20,"44,454",1,1410
0xF8D1d34956cEa24718cf8687588D6FeDbc6d9AA6,1094.322922734975,false,2163.07,28,false,1,2,0,1,false,1,false,false,false,false,false,10,"41,220",1,2120
0xB22981bA3FE1De2325935c91a3B717168fB86714,949.1230416097803,false,false,33,false,1,1,0,1,false,1,1,false,1,false,false,87,"31,238",1,2500
0xeC952ED8e7c2AA466cac36fD611D2E87Df1243D7,1088.5129852144184,false,1500.00,0,false,0,2,0,1,false,false,false,false,false,false,false,22,"10,844",1,1310
0xb760FE1bbC4A2752aBCBb28291a57Cb0cA99fF44,false,false,false,43,false,0,0,0,1,false,1,false,false,false,false,false,4,"40,156",1,1110
0xF27838B0c3bA2eEe13B6eD3Fe13a90ef7b57a2cc,555.92602583913,false,false,0,false,0,0,0,1,false,false,false,false,false,false,false,3,"25,083",1,600
0x625236038836CecC532664915BD0399647E7826b,827.7598047396265,false,827.76,0,false,0,1,0,1,false,false,false,false,false,false,false,3,"24,344",false,1020
0xf83775C95A00612D4CAc5053Dd484FfA81BaE0aD,3010.135758322153,false,1308.92,0,false,0,2,0,1,false,false,false,false,false,false,false,10,"23,908",1,1063.4837749553953
0x763d7D362B59aeA3858a92a302e18cd41b1252d4,2304.0919459778806,false,1904.92,6,false,2,2,0,1,false,false,false,false,1,false,false,22,"22,333",1,1702.6753311398945
0x45602BFBA960277bF917C1b2007D1f03d7bd29e4,2018.0275068824055,false,2018.03,0,false,1,1,0,false,false,1,1,false,false,false,false,false,"67,834",1,2010
0xa2ef65aEcecb83cd1bD3579A8669779099317952,false,false,false,0,false,0,0,0,false,false,false,false,false,false,false,false,false,"23,722",false,200
0xf503017D7baF7FBC0fff7492b751025c6A78179b,3206.08805041695,false,6362.51,4,false,2,2,0,1,false,false,false,false,1,false,false,10,"28,608",1,1920
0x5c44E8982fa3C3239C6E3C5be2cc6663c7C9387E,2198.752170357274,false,false,0,false,0,1,0,1,false,false,false,false,false,false,false,8,Pending to mint,false,900
0x62e4851e88bEC4f5c5EE3Dd347F2C601A18AF1aF,689.8420714291167,false,1367.62,0,false,0,2,0,1,false,false,false,false,false,false,false,5,"9,284",1,1310
0x1d921dff757610FbDB0073479e12c0a07d382677,610.9200720348038,false,6.23,0,false,0,1,0,1,false,false,false,false,1,false,false,66,"19,230",1,1211.0198124121061
0xB3e43abf014cb2d8cF8dc3D8C2e62157E6093343,1746.1937279819092,false,1746.19,0,false,0,1,0,false,false,false,false,false,false,false,false,false,"14,169",false,720
0x00d18ca9782bE1CaEF611017c2Fbc1a39779A57C,583.8841319387982,100.00,0.58,0,false,1,1,0,1,1,1,1,false,false,false,false,90,"11,793",1,2220.100060969341
0x9f2942fF27e40445d3CB2aAD90F84C3a03574F26,555.92602583913,false,555.93,0,false,0,1,0,false,false,false,false,false,false,false,false,false,"13,028",false,720
0x701d0ECB3BA780De7b2b36789aEC4493A426010a,2847.060401638031,false,5627.82,0,false,0,2,0,1,false,1,1,false,false,false,false,28,"9,776",1,2210
0xe5Ac570506fF6289146CC43626D6Af540Aa67241,false,false,false,0,false,0,0,0,false,false,false,false,false,false,false,false,false,"12,005",false,200
0x05A1ff0a32bc24265BCB39499d0c5D9A6cb2011c,20323.865973748085,98655.30,2082.17,8,false,1,2,1,1,false,1,1,false,false,false,false,105,"4,139",1,2840.2449485493853
0x56477ece3C6C96A2d2F11B7Eed0D757b10AFB6a6,false,false,false,0,false,0,0,0,false,false,false,false,false,false,false,false,false,"11,125",false,200
0x66dF5A7715C5D4AfbBFA52435c66aa20733be0d1,602.8494418906162,false,false,6,false,0,2,0,1,false,false,false,false,false,false,false,29,"23,786",1,1100
0xaa79B87DC8B046A5E4f7D03F1562D7fe5BF98737,false,false,false,0,false,0,0,0,1,false,false,false,false,false,false,false,4,"38,748",1,600
0x8aA27E90E139d5AB5704df69429341cbCb2d2464,false,false,false,0,false,0,0,0,1,false,1,1,false,false,false,false,7,"14,521",1,1500
0x37Ec0203C1Cc3CB574c4144d490F770b86e3b557,false,false,false,0,false,0,0,0,false,false,false,false,false,false,false,false,false,"10,612",false,200
0x9194b1713A8E07Bc47B90Fb7937E28e09b6cd100,660.8803237704209,false,false,0,false,0,1,0,1,false,false,false,false,false,false,false,7,"16,532",1,1010
0xfF6d6a7718A234A84f740480Dbb07f6c09cF1cD5,555.92602583913,false,555.93,0,false,0,1,0,false,false,false,false,false,false,false,false,false,"14,062",1,820
0x536c7E8F18D09d04697E0d2624b44bBA575388c2,false,false,2.48,0,false,0,0,0,1,false,false,false,false,false,false,false,26,"15,411",1,910
0xAa01DeC5307CF17F20881A3286dcaA062578cea7,2943.104704956939,false,383.61,15,false,1,2,0,1,false,false,false,false,false,false,false,32,"10,499",1,1433.034302415648
0x99272DB5353e13c18b711D99d3a8F36ba459f747,false,false,false,0,false,0,0,0,false,false,false,false,false,false,false,false,false,"8,807",false,200
0xC46c67Bb7E84490D7EbdD0b8ecDaca68Cf3823F4,734.9506341541647,107828.12,1452.72,79,false,0,2,0,1,false,1,1,false,1,false,false,43,"20,613",1,2520
0x85eD40DbCa94B5BC73c6C7EC7f4eCaaD04A03a22,582.8373842830508,false,1165.52,0,false,0,2,0,1,false,false,false,false,false,false,false,2,"8,594",false,1220
0x45e036dA221032D814A8bF0EF46943f83E95b409,732.8361702764281,false,1448.73,0,false,0,2,0,1,false,false,false,false,false,false,false,7,"3,559",1,1310
0x5D28FE1e9F895464aab52287d85Ebff32B351674,2024.46357764316,false,33.36,33,false,0,2,0,1,false,1,1,false,false,false,false,71,"8,294",1,2021.6479022725046
0x7944FC7Bd79B25E6fFe24921d88A1f36f22bE843,555.92602583913,false,555.93,0,false,0,1,0,false,false,false,false,false,false,false,false,false,"8,187",false,710
0xc7b2f15b62F186DCc69F35CD9Ae833f6de6146ab,false,false,false,0,false,0,0,0,false,false,false,false,false,false,false,false,false,"2,773",1,300
0x27c72e4BD23C910218d8f06C4a1742E06657c874,1080.6799285068666,false,2137.33,0,false,0,2,0,1,false,false,false,false,false,false,false,2,"7,422",false,1210
0x44DdF3e35Cd2D629d78674FF6BF5b953e2B069fe,1190.267702142779,false,1190.27,0,false,0,1,0,false,false,false,false,false,false,false,false,false,"6,754",false,710
0xA0f780d46F103DB59Cfc5ffeC8B25FfD36940EA7,555.92602583913,false,555.93,0,false,0,1,0,false,false,false,false,false,false,false,false,false,"6,708",false,710
0x8Aac40061E258d6e45Fd13E214710ABDF356285a,555.92602583913,false,555.93,0,false,0,1,0,false,false,false,false,false,false,false,false,false,"6,951",false,710
0x01891b6583cf33E177c68157c6972E9847487904,false,false,false,0,false,0,0,0,false,false,false,false,false,false,false,false,false,"7,036",1,300
0x85f9c38a44EfB45CeF47cBf510e6e18cDdf2a78A,727.9024212283759,false,1439.42,0,false,1,2,0,1,false,false,false,false,false,false,false,2,"6,088",false,1510
0xCF0FA79c915F12592c352FFe35000fda5c96a158,555.92602583913,false,555.93,0,false,0,0,0,1,false,false,false,false,false,false,false,1,"6,038",false,610
0x9ac9c636404C8d46D9eb966d7179983Ba5a3941A,2427.453799718996,false,false,0,false,0,0,0,1,1,1,false,false,false,false,false,12,"5,769",1,1000
0xb9313E2cA88363f253312BD8Fc25eFe0C5D42c95,false,false,false,0,false,0,0,0,false,false,false,false,false,false,false,false,false,"3,093",false,200
0x8De127aFabA3EC4BcCf5D91bBB68091B5F10954f,false,false,false,0,false,0,0,0,false,false,false,false,false,false,false,false,false,"6,059",false,200
0xCb5Fba4419ABC4D7C11af0C24BA0F2e555407F5b,555.92602583913,false,555.93,0,false,0,1,0,false,false,false,false,false,false,false,false,false,"5,685",false,710
0x489aDd7680605f6Fc4806595CD75E65D7F1675Eb,false,false,false,0,false,0,0,0,false,false,false,false,false,false,false,false,false,"3,310",false,210
0xfB2e9D1C95dcd5665eE230352d9973263f822F8a,false,false,false,1,false,0,0,0,false,false,false,false,false,false,false,false,false,"2,643",false,300
0x301605C95acbED7A1fD9C2c0DeEe964e2AFBd0C3,1055.8940515700847,false,396.62,4,false,0,2,0,1,false,false,false,false,1,false,false,36,"11,072",1,1357.5625293790426
0x1dF428833f2C9FB1eF098754e5D710432450d706,16513.064718998212,14379.16,9.58,17,false,1,1,0,1,false,1,false,false,false,false,false,43,"5,603",1,1820.0580311535016
0xF23eA0b5F14afcbe532A1df273F7B233EBe41C78,false,0.50,false,4,false,1,0,0,1,false,1,1,false,false,false,false,19,"5,569",1,1920
0xc6b0a4c5BA85d082eCd4Fb05FBF63eb92AC1083a,827.7598047396265,false,827.76,0,false,1,1,0,1,false,false,false,false,false,false,false,1,"5,410",1,1410
0x2fe25372a45D024adE1aDEb9dcE29e4DA1368B35,false,false,false,0,false,0,0,0,false,false,false,false,false,false,false,false,false,"5,576",1,300
0x5acbeb30Fde4049A8FC928F562D9cE5FDAD59D32,734.9506341541647,false,1452.72,0,false,0,2,0,1,false,false,false,false,false,false,false,5,"5,421",1,1320
0xB53b0255895c4F9E3a185E484e5B674bCCfbc076,2621.8386090455433,false,5988.80,0,false,1,2,0,1,false,1,1,false,false,false,false,99,"3,801",1,2510
0x1210Ba92EB82Cc256213C78F0eF9D5212c7034a9,false,false,false,0,false,0,0,0,1,false,false,false,false,false,false,false,1,"2,625",1,600
0x826976d7C600d45FB8287CA1d7c76FC8eb732030,355.5812507600092,14573.65,false,30,false,1,1,0,1,1,1,1,false,false,false,false,95,"25,575",1,2320
0x2Ce202Ad36aDb3B7515D2E6ec1395F55298DC230,false,false,false,0,false,0,0,0,false,false,false,false,false,false,false,false,false,"5,000",1,300
0x864f2c20F55d7b6E80e65332C372C855a67be451,false,false,false,0,false,0,0,0,false,false,false,false,false,false,false,false,false,"4,994",false,200
0x6543c99d0e073c140Fd08A741c6cfdcd1449da94,1096.641705581483,false,2126.39,0,false,0,2,0,1,false,false,false,false,false,false,false,17,"5,990",1,1320
0x6d3b98452C8F2Dffa0487cE6C66CA3cc3aB01308,false,false,false,0,false,0,0,0,false,false,false,false,false,false,false,false,false,"4,643",false,200
0x2B888954421b424C5D3D9Ce9bB67c9bD47537d12,843.2901049480135,15598.93,887.86,0,false,0,2,1,1,false,false,false,false,1,false,false,23,Pending to mint,1,2030
0xB20A327C9b4Da091f454B1Ce0E2e4DC5C128b5B4,884.0490816248289,false,106.20,0,false,1,2,0,1,false,false,false,false,false,false,false,4,"4,618",false,1222.0123991072576
0x83E57888cd55C3ea1cfbf0114C963564d81e318d,false,false,false,0,false,0,0,0,false,false,false,false,false,false,false,false,false,"19,067",1,300
0x8758E5741dE847363dD2715a62431cc0cBda4cA6,false,false,false,0,false,0,0,0,false,false,false,false,false,false,false,false,false,"6,067",1,310
0x0Bf920dfE6D36829aB5b0e153857D4CA689E46fB,false,false,false,0,false,0,0,0,false,false,1,false,false,false,false,false,false,"15,983",1,700
0xeFb49ddB9511180aeEfd78Da68eA4977Fe02B0Cb,false,false,false,0,false,0,0,0,false,false,false,false,false,false,false,false,false,"4,395",false,200
0x39c00e3584A2176F55bB31BDc3450889927F5016,false,15132.17,false,0,false,0,0,0,false,false,false,false,false,false,false,false,false,"4,389",1,320
0xE64F06F695De4C4E21BA8F383a2675Fd884Ac720,271.8337789004963,false,false,1,false,0,0,0,1,false,false,false,false,false,false,false,3,"9,172",1,700
0x662ec70531509dF61C8C8e44650c203f0Ab79466,555.92602583913,0.40,555.93,0,false,0,1,0,false,false,false,false,false,false,false,false,false,"3,199",1,830
0x882FD033EeD73Fc184e4a340654190c5a342E984,555.92602583913,false,555.93,0,false,1,1,0,false,false,false,false,false,false,false,false,false,"6,720",false,1010
0xE73a198e7C07c418D7dcFd42f5E953074aBbD125,734.2458128615858,false,726.85,222,false,0,2,0,1,false,false,false,false,1,false,false,68,"5,470",1,1418.9929960219633
0xa32aECda752cF4EF89956e83d60C04835d4FA867,555.92602583913,false,12.99,5,false,0,0,0,1,1,1,1,false,false,false,false,84,"27,521",1,1612.3374916188911
0x5A227E2919A49f9d4698e9fd2B318EfCd0f16Bda,false,false,false,9,false,0,0,0,1,false,false,false,false,false,false,false,2,"6,185",1,700
0x94860EA6872d863E91f3Ce3f8cF574Ef0859620b,false,false,false,0,false,0,0,0,false,false,false,false,false,false,false,false,false,"4,167",false,200
0xc89eD88B54fD663b86FFd76f6AD2cDA09d2cE13c,false,false,false,0,false,0,0,0,false,false,false,false,false,false,false,false,false,"4,099",false,200
0x9384EB57f892CCE158c9Ad5446d815Cc7584d42B,1559.987530734815,false,3084.73,0,false,0,2,0,1,false,false,false,false,false,false,false,2,"4,100",false,1210
0x2920620b47D51170319A531A2D6D5810610E8C2A,555.92602583913,false,555.93,0,false,0,1,0,false,false,false,false,false,false,false,false,false,"25,973",1,810
0xD602D991dc99f6632C9F1E587D93c3c8cE7220B6,555.92602583913,false,555.93,0,false,0,1,0,false,false,false,false,false,false,false,false,false,"3,938",false,710
0x6F4A8930Ef9C175eC0F3F63A97686d5c505e0E32,false,false,false,0,false,0,0,0,false,false,false,false,false,false,false,false,false,"3,925",false,200
0xD3F8A83DD0F5C873be0973dbD67Bf0d441aE49d0,false,false,false,0,false,0,0,0,false,false,false,false,false,false,false,false,false,"3,935",false,200
0x8a8fd287f9C0D69c8D749b32e10a1e0A96dedCf3,false,false,false,0,false,0,0,0,false,false,false,false,false,false,false,false,false,"5,859",1,300
0xF0a3b6DaAc28a0fCe094f2Cf264e040373d86F3F,681.2600717370867,false,681.26,0,false,0,1,0,false,false,false,false,false,false,false,false,1,"3,854",false,810
0x28499c2115299BeFf0c07Fe7574CE7222d891c76,false,false,false,0,false,0,0,0,false,false,false,false,false,false,false,false,false,"3,995",false,200
0x79dE94216395eAFe072B8B50216b5648eDb3f609,827.7598047396265,false,827.76,0,false,0,1,0,false,false,false,false,false,false,false,false,false,"3,569",false,710
0xf592eE0E3a20Ddd65882E0fE6bFBB4B465A98Ae4,false,1196.47,false,0,false,0,0,0,1,false,false,false,false,false,false,false,23,"3,604",false,510
0xdD505DA2e2A8017f38a715948c6b6A2922ba27f0,555.92602583913,false,555.93,0,false,0,1,0,false,false,false,false,false,false,false,false,false,"17,140",1,810
0xdC0046B52e2E38AEe2271B6171ebb65cCD337518,2181.7728905198665,false,284.23,0,false,0,2,1,1,false,false,false,false,1,false,false,15,"3,359",1,2233.027536212813
0xe0144FA05A0d32B5B1De10CcEe7211616B3E3EF0,582.8914747565979,false,289.90,25,false,0,2,0,1,false,false,false,false,false,false,false,39,"3,353",1,1169.7351503827085
0xADB620Ec86EEb3570cc142Bbc4b5556886Cd259B,false,false,false,0,false,0,0,0,false,false,false,false,false,false,false,false,false,"3,355",false,200
0x05D9EEa07cF58F6eD205e4B5CA59a1C98114C459,false,false,false,0,false,0,0,0,false,false,false,false,false,false,false,false,false,"3,338",false,200
0x72E1638bD8cD371Bfb04cF665b749A0E4ae38324,2919.4502623751728,false,95.13,4,false,1,2,0,1,false,1,false,false,1,false,false,75,"3,473",1,2013.2585165958358
0x80FE61720fE2BB8B54b028f037189De0b13aa50b,555.92602583913,false,555.93,1,false,0,1,0,false,false,false,false,false,false,false,false,false,"3,356",false,820
0xac446dD360716ACef4E930612dCb1f652A98d750,555.92602583913,false,555.93,0,false,0,1,0,false,false,false,false,false,false,false,false,false,"3,048",false,710
0xeC8F0E5dE4B6C59Ff3641FD071dc783f146DcA06,false,false,false,0,false,0,0,0,false,false,false,false,false,false,false,false,false,"3,032",false,200
0xa444987a5D2C45150399c5Cec0c8Bf719A6Dea3e,false,false,false,0,false,0,0,0,false,false,false,false,false,false,false,false,false,"3,335",1,300
0x88B353202e61fffeF56bbfbc2748839e7C707e9F,false,false,false,0,false,0,0,0,false,false,false,false,false,false,false,false,false,"3,794",1,300
0xf780eE9f9e50248E7F8433a132a4b0b00B3dA313,555.92602583913,false,555.93,0,false,0,1,0,false,false,false,false,false,false,false,false,false,"2,989",1,810
0xB24F31BC22338ff0425F2E16c4902A8Aa307807d,false,false,false,0,false,0,0,0,false,false,false,false,false,false,false,false,false,"3,013",false,200
0x7F93e58A999D85879C2F051619F6879ba771f2Bf,false,false,false,0,false,0,0,0,false,false,false,false,false,false,false,false,false,"2,250",1,300
0x2fEe53687906bA239602eD42CCEee2aC8A4ADa36,false,false,false,6,false,0,0,0,1,false,false,false,false,1,false,false,10,"14,671",1,910
0x29A31e68a5c3b052Ac04A663f1e60a2cf184FF53,720.8542083025872,false,78.57,0,false,1,2,1,1,false,false,false,false,1,false,false,41,"2,933",false,1920.8995177960503
0x2982e755b58DBbB1dF8240748F8976Eb0cd8a3B5,false,false,false,0,false,0,0,0,false,false,false,false,false,false,false,false,false,"2,879",false,210
0xe23e317463FAC259700D95572ee3417Ccbb3cb8C,false,false,false,0,false,0,0,0,false,false,false,false,false,false,false,false,false,"2,865",false,200
0xc131afE6dBD5a71f16D8B292f0B4Ae1aA200DA3f,false,false,false,0,false,0,0,0,false,false,false,false,false,false,false,false,false,"2,882",false,200
0x0f5BD2404EbB70410462C22CAcB062cD285BfC52,827.7598047396265,false,827.76,0,false,0,1,0,false,false,false,false,false,false,false,false,false,"2,826",false,720
0xEFde6a97AF618AD407211C3D5d494BC257948208,1244.3168792195336,false,16.50,7,false,1,1,1,1,false,false,false,false,false,false,false,175,"2,725",false,1811.3261890114675
0x35eEa403F9577CDD7D169833122e25b008326806,false,false,false,0,false,0,0,0,false,false,false,false,false,false,false,false,false,"2,700",false,200
0x8289432ACD5EB0214B1C2526A5EDB480Aa06A9ab,1128.2357652256965,false,6440.52,39,false,1,2,1,1,1,1,1,false,false,false,false,47,"4,985",1,3110
0xaD2DCb058f10B4e11611F9c1fC0aA1A532E270D6,827.7598047396265,false,0.00,0,false,0,1,0,false,false,false,false,false,false,false,false,1,"2,677",1,810
0x7d990c17573b9Fe410767723080fcb1734Ff7D5B,false,false,false,0,false,0,0,0,false,false,false,false,false,false,false,false,false,"2,661",false,200
0x1dC96F305645b5Ac12dDa5151eB6704677C7dB12,555.92602583913,false,555.93,0,false,0,1,0,false,false,false,false,false,false,false,false,false,"2,635",false,720
0x40Dc654af5cE40C122ffDC679fa8E8ca8b91556A,false,false,false,0,false,0,0,0,false,false,false,false,false,false,false,false,false,"2,583",false,210
0xf8A798764a7c12e031B05C0F4aCde7A950eF71A0,false,false,false,0,false,0,0,0,false,false,false,false,false,false,false,false,false,"6,835",false,200
0xED23B82A6b1b0d2e75b87c01B0FDc7fCfb49f456,false,false,false,0,false,0,0,0,false,false,false,false,false,false,false,false,false,"1,125",false,200
0xc7D0Fd6DD83955B027f0f038c861D7D031c59785,646.0790766262645,false,170.08,1,false,0,2,0,1,false,false,false,false,false,false,false,6,"2,599",1,1136.3254141424634
0xB2d60143097b4F992BfBE955a22dbb2AcD9a8EAb,898.9184987050855,false,3843.39,7,false,0,2,0,1,false,false,false,false,false,false,false,7,"3,932",1,1420
0x17a7E7F6A493d137E84B4420575527f6Ef725F8C,1038.3907551442915,false,false,0,false,1,1,0,1,false,false,false,false,false,false,false,34,"2,849",1,1300
0x7D678b9218aC289e0C9F18c82F546c988BfE3022,887.8653037865375,false,113.40,0,false,0,2,0,1,false,false,false,false,false,false,false,10,"2,500",1,1022.771666906106
0x196213afd9905777e7D0582E8eDD4cf6870AA1D4,false,false,false,0,false,0,0,0,false,false,false,false,false,false,false,false,false,"2,485",false,200
0x6636A1CCBdf54485067304C1a590DE016DeaD9F0,555.92602583913,false,false,0,false,0,0,0,1,false,false,false,false,false,false,false,5,"2,469",false,500
0x1308D923E02c38492962D75C26e487ffCdCe821C,false,false,false,0,false,0,0,0,false,false,false,false,false,false,false,false,false,"2,532",false,200
0xeebc0fF65BaEaFBd971fF01b0E28aabD379936Ad,false,false,false,0,false,0,0,0,false,false,false,false,false,false,false,false,false,"2,250",1,300
0x3EB717F284Ea6ef65B9d770694bBC6C7E1b1DD84,false,false,false,0,false,0,0,0,false,false,false,false,false,false,false,false,false,"3,157",false,200
0x02317BB3f16cE21e9239C217B21Bd18Aa24ab0D3,false,false,false,0,false,0,0,0,false,false,false,false,false,false,false,false,false,"2,459",false,200
0x5b0F8D8f47E3fDF7eE1c337AbCA19dBba98524e6,false,false,false,0,false,0,0,0,false,false,1,false,false,false,false,false,false,"12,184",1,700
0x56E9cbe44e612AaD90737fcD911c4756423c533a,1462.1014810432753,false,1462.10,0,false,0,1,0,false,false,false,false,false,false,false,false,false,"2,423",false,720
0xdBf4C24BCe4896A2Ea14Ce1e84C5245217E60FA8,false,false,false,0,false,0,0,0,false,false,false,false,false,false,false,false,false,"2,367",false,200
0x9dE0c4bcC1FB8fAaB56Aa04C2E18fB3D8B694bBb,false,false,false,0,false,0,0,0,false,false,false,false,false,false,false,false,false,"2,380",false,200
0x63A32F1595a68E811496D820680B74A5ccA303c5,733.540991569007,false,1450.06,21,false,1,2,0,1,false,false,false,false,1,false,false,8,"2,325",1,1920
0x7710E7e881333Fd3396Ca5966BeD6E72746b612D,false,false,false,0,false,1,0,0,1,1,1,false,false,false,false,false,16,"3,606",1,1300
0xfbcd4a6c3Ce9388C079d3D4B2c0FB0766E90604e,false,false,false,0,false,0,0,0,false,false,false,false,false,false,false,false,false,Pending to mint,1,300
0x224aBa5D489675a7bD3CE07786FAda466b46FA0F,728.6072425209549,false,1440.75,3,false,2,2,0,1,false,1,1,false,false,false,false,39,"5,003",1,2620
0xf9EC80A5d637Ff06F14d829f6AdDCa3147A3F691,false,false,false,0,false,0,0,0,false,false,false,false,false,false,false,false,false,"1,125",false,200
0x34aA3F359A9D614239015126635CE7732c18fDF3,42639.25805933436,false,3528.83,0,false,10,2,0,1,1,1,1,false,1,false,false,687,"2,250",false,2328.276015636244
0x874b3e815B02D3DCD5008FDEE96127c16292Ba1f,false,false,false,0,false,0,0,0,false,false,false,false,false,false,false,false,false,"2,249",false,200
0x57F540a736a647EF2d2Ef9Cd823C4a4e655858a4,false,false,false,0,false,0,0,0,false,false,false,false,false,false,false,false,false,"7,109",1,310
0x4194cE73AC3FBBeCE8fFa878c2B5A8C90333E724,827.7598047396265,false,827.76,2,false,0,1,0,1,false,false,false,false,false,false,false,4,"2,194",false,1120
0x8B580433568E521ad351b92b98150c0C65ce69B7,1190.267702142779,false,1190.27,0,false,0,1,0,1,false,false,false,false,1,false,false,7,"2,261",false,1210
0x38f80f8f76B1C44B2beeFB63bb561F570fb6ddB6,false,false,false,15,false,0,0,0,1,false,1,1,false,false,false,false,5,"8,707",1,1600
0x9F082e184259D2F7089DF5CED36679BB88bfe123,1430.8256685383765,false,1.99,0,false,1,1,0,1,false,1,false,false,false,false,false,22,"2,184",false,1620.1391995118365
0xf9299c8663D195481cd54b6F7e32bb45aD1C9a2b,false,false,false,0,false,0,0,0,false,false,false,false,false,false,false,false,false,"2,103",false,200
0x69E3c9f8A735DDCccFBAd2Dabde9963d55202988,false,false,false,0,false,0,0,0,false,false,false,false,false,false,false,false,false,"2,072",false,200
0xE50CefF4eCDe1a76AFc5153A99e5C7F84d1D25c8,false,false,false,0,false,0,0,0,false,false,false,false,false,false,false,false,false,"2,061",false,200
0xC7bF5DA444C923AAA80d77d288e86F3246dd4170,1093.2734616405053,false,399.54,0,false,1,2,0,1,false,false,false,false,false,false,false,7,"2,053",false,1256.545093485401
0x16e8D400eD871fb5E74A2dB3c680838C9D383a26,false,false,false,0,false,0,0,0,false,false,false,false,false,false,false,false,false,"2,047",false,200
0xdf8f53B9f83e611e1154402992c6F6CB7Daf246c,359.37228858081016,false,350.97,0,false,3,2,0,1,false,1,false,false,false,false,false,18,"2,042",1,1807.6624794359145
0xF2283b9c60BDBaF9B0C41b2F52907AF7362a3302,false,false,false,0,false,0,0,0,false,false,false,false,false,false,false,false,false,"2,019",1,300
0xe5F470E376554fB613A43FDe223e40a3bb338765,340.5894193777507,false,false,0,false,0,1,1,1,false,1,false,false,1,false,false,14,"2,184",1,2100
0x534a223FB3aA8F774f32907086AD6A0aA554295E,false,false,false,0,false,0,0,0,false,false,false,false,false,false,false,false,false,"2,000",false,200
0x152ad2E12E102aBF64280C5e3d70257EFfb0EDe0,2020.940087280182,false,2.91,1,false,1,1,0,1,false,false,false,false,false,false,false,11,"1,991",1,1410.1441200763995
0xEFCDc3A4164846b7e39C4708a7C816f4459F26bF,false,false,false,0,false,0,0,0,false,false,false,false,false,false,false,false,1,"2,857",1,400
0xd11256d99f8833beE0B99203DDcfe4cd6c823d8D,271.8337789004963,false,360.95,66,false,1,1,0,1,1,1,1,false,1,false,false,75,"2,250",1,2820
0x7221B104fba7701084759FD25FacA19Ac6300855,1190.267702142779,false,1190.27,0,false,0,1,0,false,false,1,false,false,false,false,false,false,"6,597",1,1220
0xc91d300D342eC4EBbC61B3AE75dc5D7245109dD9,false,false,false,0,false,0,0,0,1,1,1,1,false,1,false,false,4,"2,010",1,1700
0x9959ddA625ba12809849F9b0F44E660C0f136733,false,false,false,0,false,0,0,0,false,false,false,false,false,false,false,false,false,"1,859",false,200
0xA0A1A1736D98C835BD2608ABFE242bA7E65D2126,2311.599287592525,false,100.23,0,false,0,2,0,1,false,false,false,false,false,false,false,30,"1,888",false,914.3360735240173
0x072e83cdE5c102fDCF32BE328034E1bB2DADCB01,996.7230409492765,false,611.76,0,false,0,2,0,1,false,false,false,false,false,false,false,10,"5,986",false,971.3774277500446
0x9Aa6Db877742aD8D8c7fE209F561fbd2bE19D5F4,1462.1014810432753,false,1462.10,0,false,0,1,0,false,false,false,false,false,false,false,false,false,"1,850",false,710
0xEFA21088F3830cD7d9f526eA268f7AabA34F785F,1093.2734616405053,false,116.57,3,false,0,2,0,1,false,false,false,false,false,false,false,7,"2,068",1,1120.6629017045789
0xDF00e071996dE3336899bBd5722592b3D972E788,827.7598047396265,false,827.76,0,false,0,1,0,false,false,false,false,false,false,false,false,false,"1,783",false,720
0xc154eB56388c8ce13492B3b149D451bb1B42AC5B,false,false,false,0,false,0,0,0,false,false,false,false,false,false,false,false,false,"1,796",false,200
0x9542225b26ae10B4c47625D75DA5123d838b30d8,555.92602583913,false,555.93,0,false,0,1,0,false,false,false,false,false,false,false,false,false,"1,781",false,710
0x92b0fd2bd1991b2bdbb1306a719bd45dbfa46768,false,false,false,0,false,0,0,0,false,false,false,false,false,false,false,false,false,"1,748",false,200
0xb19DF2BCe7c036B69b20180413b58012Fa328e58,false,false,false,0,false,0,0,0,false,false,false,false,false,false,false,false,false,"1,716",false,200
0x5B93FF82faaF241c15997ea3975419DDDd8362c5,19436.04118856956,false,446.66,0,false,0,2,0,1,false,false,false,false,false,false,false,132,"1,690",false,912.298086075051
0xED77A2406bb16f56a5Dc5CC6D893f6500585A115,false,false,false,0,false,0,0,0,false,false,false,false,false,false,false,false,false,"1,684",false,200
0x9e476f951Dc5aF8E4f7fD02C78f0CD765A25C8C0,false,false,false,0,false,0,0,0,1,false,false,false,false,false,false,false,2,"1,629",false,500
0x8041748a2A16e9B7A3980107f4376774421642c8,false,false,false,0,false,0,0,0,false,false,false,false,false,false,false,false,false,"7,490",1,300
0x57F908C42F5a0e5DBBd3c35a137cC242cF89Add6,false,false,false,0,false,0,0,0,false,false,false,false,false,false,false,false,false,"1,125",false,200
0x181e1ff49CAe7f7c419688FcB9e69aF2f93311da,false,false,false,0,false,1,0,0,1,false,false,false,false,false,false,false,1,"7,378",false,800
0x6432c098bfedA15Dd4d0692C46bDB43091a95171,827.7598047396265,false,false,0,false,0,0,0,1,false,false,false,false,false,false,false,7,"1,686",false,500
0x38Dfd788DB4CFaB7b9Da57b06CfC06C6E0f33C3b,false,false,false,0,false,0,0,0,false,false,false,false,false,false,false,false,false,"20,916",false,200
0x7fCFeb41316C67cA985C652e639367762D5E98dA,555.92602583913,false,false,0,false,0,0,0,1,false,false,false,false,false,false,false,4,"1,617",1,600
0xc2fB4B3EA53E10c88D193E709A81C4dc7aEC902e,1746.1937279819092,false,false,2,false,0,0,0,1,false,false,false,false,1,false,false,23,"1,626",false,800
0xF0dA4128a4ED2eD3fFE5d8618a6E002F338b8E52,1529.8063202375058,false,174.75,0,false,0,2,0,1,false,false,false,false,false,false,false,14,"1,577",1,1021.4227767021683
0xD5288ED50a195017E5B30595F65091a7767817a4,false,36.51,false,23,false,1,0,0,1,1,1,false,false,1,false,false,49,"6,993",1,1620
0x5832834966933beC942Bb06a3B55dd1176cbDDD2,false,false,false,0,false,0,0,0,false,false,false,false,false,false,false,false,false,"1,565",1,300
0xd6f5646D9E7FbeE7CC907EB8e12dAFA5378431E6,2665.333476574244,false,5178.59,20,false,0,2,0,1,false,false,false,false,false,false,false,23,"1,565",1,1410
0xae9A1Bbd8A53E6BD845D1b493CD174E6B0531eb8,false,false,false,0,false,0,0,0,false,false,false,false,false,false,false,false,false,"1,554",false,200
0x6fD155b9D52F80E8A73a8A2537268602978486e2,965.3523186757203,false,74.42,0,false,1,1,0,1,false,false,false,false,false,false,false,8,"1,552",false,1217.7095890410958
0x63960487872023231e4C3fbdE536c34E2C93De55,958.4387110005209,false,812.59,0,false,1,2,1,1,false,false,false,false,1,false,false,61,"1,545",false,1994.7827041959233
0xed8DB37778804A913670d9367aAf4F043AAd938b,1011.9594553797456,false,1383.38,90,false,4,2,0,1,false,1,1,false,false,false,false,165,"1,676",1,2620
0xB81E88279F3208001AEdA20689d3E5d818758dbf,2023.500022543048,false,5.47,0,false,1,1,0,1,false,false,false,false,false,false,false,167,"1,530",false,1210.2704480157981
0x52fA3cD7C8926CF515a454658A27d710CF447b2f,1913.140543215552,false,4.95,0,false,0,1,0,1,false,false,false,false,false,false,false,14,"1,578",1,1010.2585704041026
0x1026eFFaE689c49F3655e74DC45C8869E3f6Fd35,false,false,false,0,false,0,0,0,false,false,false,false,false,false,false,false,false,"1,504",false,200
0xB1B7586656116D546033e3bAFF69BFcD6592225E,2018.0275068824055,false,2018.03,3,false,0,1,0,false,false,false,false,false,false,false,false,false,"1,502",false,810
0x00432996c5Cf8200CF208200613aec2329be0e39,false,false,false,0,false,0,0,0,false,false,false,false,false,false,false,false,false,"1,500",1,300
0xD70A0999e4AFcD794Ae01dD7194f34D60e5e21F4,false,false,false,0,false,0,0,0,false,false,false,false,false,false,false,false,false,"1,483",false,200
0x177a68f3C836a2a37a3c594CD16004d7B9589476,false,false,false,0,false,0,0,0,false,false,false,false,false,false,false,false,false,"1,480",false,200
0x884Ff907D5fB8BAe239B64AA8aD18bA3f8196038,2304.8968244883727,false,1491.98,23,false,0,2,0,1,false,1,1,false,false,false,false,112,"1,471",false,1984.7310282362262
0xfE6B3Daf5DB93C8203316956844b3Ae23521a722,false,false,false,0,false,0,0,0,false,false,false,false,false,false,false,false,false,"1,465",false,200
0x7136fbDdD4DFfa2369A9283B6E90A040318011Ca,3206.08805041695,false,6061.18,4,false,0,2,0,1,false,1,false,false,false,false,false,9,"2,250",1,1810
0x760C7B2403a9Ee72E704b35ADEcF94e3D42A9D4f,false,false,false,0,false,0,0,0,false,false,false,false,false,false,false,false,false,"1,529",false,200
0x12A63Bd7C98FC55C4402923991685303ca7B75A2,555.92602583913,false,55.93,0,false,0,0,0,1,false,false,false,false,false,false,false,6,"1,461",false,520.0599761910254
0x3E7F054563682c42bd4907b88D0DC27557992576,false,false,false,1,false,0,0,0,false,false,false,false,false,false,false,false,false,"2,270",1,400
0xdEe4fBF0b62febe20000826EaeB939E2Cc7876b4,false,false,false,0,false,0,0,0,false,false,false,false,false,false,false,false,false,"1,425",1,300
0xcaff17d5c7C349bE300E93cbAF56bc868ef75982,false,false,false,0,false,1,0,0,1,false,false,false,false,false,false,false,11,"1,421",false,800
0xD91ec22114897E5E68997F77a6182dE3Cb09ba9B,555.92602583913,false,false,0,false,0,0,0,1,false,false,false,false,false,false,false,3,"1,414",false,500
0x8F942ECED007bD3976927B7958B50Df126FEeCb5,2864.473813944725,false,2949.54,1,false,1,2,0,1,false,1,false,false,false,false,false,23,"1,393",1,2120
0x41e235560175A75c49c2e11e0e7A452a81c35808,1190.267702142779,false,1190.27,0,false,0,1,0,false,false,false,false,false,false,false,false,false,"1,423",false,710
0x3b0459C53FD6fC216FEa8817512990c886310386,1190.267702142779,false,1190.27,0,false,0,1,0,false,false,false,false,false,false,false,false,false,"1,388",false,710
0xF35960302a07022aBa880DFFaEC2Fdd64d5BF1c1,1746.1937279819092,false,false,0,false,0,0,0,1,false,1,1,false,false,false,false,3,"1,382",false,1400
0x33dCb3ec1918b6913C00954d8F40bFc04a5CFd20,false,false,false,0,false,0,0,0,false,false,false,false,false,false,false,false,false,"1,375",false,200
0x4ae70EfbC57Df5F16FC5fA2CcF016887E6312AfB,false,false,false,0,false,0,0,0,false,false,false,false,false,false,false,false,false,"2,250",1,300
0xe621A0B2D4f837Fa2a4d15059dae91EA8D9aa9AC,false,false,false,0,false,0,0,0,false,false,false,false,false,false,false,false,false,"1,374",false,200
0xd0Cdc872439164D46785bb73Eeae91d29f1dae8d,false,false,false,0,false,0,0,0,false,false,false,false,false,false,false,false,false,"3,169",false,200
0x22851c0AB295397AC5d41aF8899dEbf69C641680,776.867362080441,false,776.87,0,false,2,1,0,1,false,false,false,false,false,false,false,8,"1,521",false,1310
0xd0ef3a2Ae7Fb496C0897400f1be46693B6183B0a,271.8337789004963,false,271.83,32,false,0,1,0,1,false,false,false,false,false,false,false,3,"1,494",1,1220
0x778bc2ea28243a59663B6dE926e5f6a0Cd7B2ac9,false,false,false,0,false,0,0,0,false,false,false,false,false,false,false,false,false,"1,912",false,200
0x33878e070db7f70D2953Fe0278Cd32aDf8104572,301.77044532839176,2072.94,1467.47,54,false,9,2,0,1,false,false,false,false,false,false,false,80,"2,319",1,2240
0x9Ef53569800e203C20200256CF134abc675bC8e1,false,false,false,0,false,0,0,0,1,false,false,false,false,false,false,false,5,"1,466",1,610
0x0E76602324bD961E3E928b4BD5DC578b9883dF11,274.7902141383994,false,2.96,0,false,0,1,0,1,false,false,false,false,false,false,false,10,"1,387",false,911.0758881087424
0x933Fe343746549ac10D471cE4DfA20bAab3EdE86,false,false,false,0,false,0,0,0,false,false,false,false,false,false,false,false,false,"1,330",false,200
0xbcaE3F1Ab2Ac4A82D199720BE78c5a32bb144e8b,1761.9922437871583,false,3482.80,0,false,1,2,0,1,false,false,false,false,false,false,false,11,"1,329",false,1520
0xEa5F027482561b25CA3E5a5498cBD1E979932774,1858.793350969156,false,8317.79,0,false,0,2,0,1,false,false,false,false,false,false,false,2,"1,581",1,1310
0x5303D37018b0e7e6F4fe8C706b7001735e5d430A,false,false,false,0,false,0,0,0,false,false,false,false,false,false,false,false,false,"4,134",false,200
0xaE7f11378dABA3757e9D7691be04285938bE35B5,360.13280089366475,2475.34,231.43,0,false,0,2,0,1,false,false,false,false,1,false,false,55,"1,125",1,1294.2635475762904
0x865c2F85C9fEa1C6Ac7F53de07554D68cB92eD88,2427.453799718996,false,false,0,false,0,0,0,1,false,false,false,false,false,false,false,46,"1,326",1,600
0xca4aD39F872E89Ef23eABd5716363Fc22513E147,1276.2706287589351,false,17.64,0,false,1,3,0,1,false,false,false,false,false,false,false,287,"1,324",1,1311.3818932857037
0x1D8a08c8C3Ce0A852Cb4Da902754991759F7F625,555.92602583913,false,714.10,0,false,1,1,0,1,false,false,false,false,false,false,false,2,"1,322",false,1510
0xAcC89b21449b6CBB5101D5267F730C25E02E2409,1635.5965806923293,false,3232.96,0,false,1,2,0,1,false,false,false,false,false,false,false,5,"1,299",false,1510
0x7e75c3Fbe3Aa9007d9E93eb948e02329b8b35dfE,false,false,false,0,false,0,0,0,false,false,false,false,false,false,false,false,false,"1,284",false,200
0x66D9dfddC3AD45d6383D5B9e9354F60Bc9D16A8e,false,false,false,0,false,0,0,0,false,false,false,false,false,false,false,false,false,"4,514",1,300
0x22270a0b82CBF0bd80C6E0FaD85342600518e114,733.540991569007,false,1450.06,0,false,0,2,0,1,false,false,false,false,false,false,false,2,"1,288",false,1210
0x76eFa04a76D4662EE3544ac40bbEcBE0Cd196Ad4,false,false,false,0,false,0,0,0,false,false,false,false,false,false,false,false,false,"1,250",false,200
0x1bAeC9d58603F6eAeDdBD66AcC56Db76215FC8D6,1272.5525758898368,false,2515.69,70,false,1,2,0,1,false,false,false,false,false,false,false,7,"1,250",false,1610
0xcf9Bb70b2f1aCCb846e8B0C665a1Ab5D5D35cA05,681.2600717370867,false,1.26,0,false,0,0,0,1,false,false,false,false,false,false,false,3,"1,250",false,510.1849619241406
0x40498A25cc21c3412caD6566a19B31019143a02E,false,false,false,0,false,0,0,0,false,false,false,false,false,false,false,false,false,"2,250",1,300
0xEba266c4D218172f884074Df3892F3D800c197e0,false,false,false,0,false,0,0,0,false,false,false,false,false,false,false,false,false,"1,452",false,200
0xcdAEb3bCE9Df386b574F2AeFB06b9a2a156835b4,false,false,false,0,false,0,0,0,false,false,false,false,false,false,false,false,false,"1,280",false,200
0x16B942C119D3e34ff8f801cf68EC6aA26F1dC494,555.92602583913,false,555.93,0,false,0,1,0,false,false,false,false,false,false,false,false,false,"2,628",1,810
0x9885a84930E3C8c865A1D3dEBDC204F990BaB7C3,1925.8388942721283,false,3808.04,37,false,2,2,0,1,false,false,false,false,false,false,false,119,"3,586",1,1720
0xDcdf8164AAF9345E48E747e95B07d2782D09Cb40,false,false,false,0,false,0,0,0,false,false,false,false,false,false,false,false,false,"1,217",false,200
0x6466386897a82cB8c96C8680631dA7489f154004,false,false,false,0,false,0,0,0,false,false,false,false,false,false,false,false,false,"1,213",false,210
0xedb892BBd19188cD2dEf63249d6a657Ac6F98935,false,false,false,1,false,1,0,0,1,false,false,false,false,false,false,false,1,"1,211",1,1000
0x784FF72C420e3da4ACCb078A79156615f53E4af0,false,false,false,0,false,0,0,0,false,false,false,false,false,false,false,false,false,"1,210",false,200
0x3eEd07fC683037565E54408a6800c9C3a6f70c45,false,false,false,0,false,0,0,0,false,false,false,false,false,false,false,false,false,"1,203",false,200
0x0668d077Ed4dBD45b3523E4DfFC07197b75519E3,false,false,false,0,false,0,0,0,false,false,false,false,false,false,false,false,false,"1,200",false,200
0xcEAcC735C67217101ABD0FFB46661C42deC366a8,734.2458128615858,false,883.76,0,false,1,2,0,1,false,false,false,false,false,false,false,28,"1,194",false,1520
0x90299EC59b94398a3a31a795Bc585F743d0e5Cc9,1273.7444899389614,false,238.25,15,false,0,2,0,1,false,false,false,false,false,false,false,29,"1,224",false,1038.7046168209192
0xFBC56Be13C23c18B6864D062e413da3c7e0f74Fb,1250.2380939827906,1925.84,false,0,false,2,1,0,1,false,false,false,false,false,false,false,56,"3,159",1,1810
0x47B2c37fFee6e8d71EF9dFbe84eE596571885492,false,false,false,0,false,0,0,0,false,false,false,false,false,false,false,false,false,"1,184",false,200
0x22483Eeb5322608E4E99484F6CA661a6EF09D461,false,false,false,5,false,1,0,0,1,false,false,false,false,false,false,false,2,"1,183",1,1010
0x21c9aba2392dD5e15CE74BF9C8685aC4907B5Fab,1925.8388942721283,false,3806.83,0,false,1,2,0,1,false,false,false,false,false,false,false,7,"2,642",1,1620
0xB6DaCFC9e6443F2546E9285BA4AE6359cDc20727,271.8337789004963,false,271.83,0,false,1,1,0,1,false,false,false,false,false,false,false,3,"1,175",1,1420
0xa81fa36C51C95b52431038352D3D452C5De5E6e8,false,false,false,0,false,0,0,0,false,false,false,false,false,false,false,false,false,"1,169",false,200
0x37341cbb14c5F128A70B149726ad8B2CE6F4C793,19896.197378284764,false,9087.31,0,false,1,2,0,1,false,false,false,false,false,false,false,27,"1,167",false,1255.6736006554092
0xA5320F385285942Ff5B852179A96e2c0615F598e,false,false,false,2,false,0,0,0,false,false,false,false,false,false,false,false,false,"1,162",false,300
0xD2FA59811af055e0e94D570EA7F9800c0E5C0428,18030.402041445646,false,false,0,false,1,1,0,1,false,1,1,false,false,false,false,206,"1,159",1,2200
0x5B4dF17CA5A3339D722028a585582693742E5B5a,11887.40644406082,false,5722.22,0,false,1,2,1,1,1,1,false,false,false,false,false,139,"1,148",1,2258.136814329153
0x59AE7f21D18b2F5fDC7a99c4fd6dD9E67Cec0Bc9,1847.6711490086175,false,1506.91,14,false,0,2,0,1,false,false,false,false,false,false,false,24,"8,155",1,1201.5573842058852
0xcaAA39294a02bF3Bf6a806D11d687e244CE56378,false,false,false,0,false,0,0,0,false,false,false,false,false,false,false,false,false,"1,144",false,200
0xE4b9744aa513db29BD09dE2e830a2018d302EF74,false,false,false,0,false,0,0,0,1,false,false,false,false,false,false,false,1,"3,722",1,600
0xb8c2C29ee19D8307cb7255e1Cd9CbDE883A267d5,1931.0876637126578,false,3817.20,0,false,1,2,0,1,false,1,1,false,false,false,false,3,"1,176",false,2420
0xaDa258b76d3Fce0149946740cD2b6cEaeeA8fA61,false,false,false,0,false,0,0,0,false,false,false,false,false,false,false,false,false,"1,137",false,200
0x0a1751fCF226669952c0BAF7361F90bc274dc03a,false,false,false,0,false,0,0,0,false,false,false,false,false,false,false,false,false,"1,191",1,300
0xfe96D1eD2A4C9E60e0e3030609aF0361A515169e,17018.87776499907,false,27.21,0,false,3,1,0,1,false,false,false,false,false,false,false,347,"1,134",false,1220.1598525736845
0xb08F95dbC639621DbAf48A472AE8Fce0f6f56a6e,21858.63669242582,false,20479.31,52,false,3,2,0,1,1,1,false,false,false,false,false,340,"1,130",1,1913.6897881992202
0x2A52309eDF998799C4A8b89324CCAd91848c8676,1462.1014810432753,false,1462.10,0,false,2,0,0,1,false,false,false,false,1,false,false,1,"1,125",false,1110
0x6Dc43be93a8b5Fd37dC16f24872BaBc6dA5E5e3E,37935.534336868455,false,34737.95,0,false,2,2,0,1,false,false,false,false,false,false,false,103,"1,125",1,1401.5709975543114
0xc5C4F3145b252407e25Cfc92DA0FB0Bce2bc3310,false,false,false,0,false,0,0,0,false,false,false,false,false,false,false,false,false,"1,125",false,200
0xF0CdfA126a944849A6e9982253CD5259AfAe0355,1746.1937279819092,false,1746.19,0,false,0,1,0,false,false,false,false,false,false,false,false,false,"1,125",false,710
0xBc74cc61c131205E1D71db1854BF25C83C0355e8,271.8337789004963,false,271.83,0,false,0,1,0,false,false,false,false,false,false,false,false,false,"1,125",false,710
0x5E968e92a1fED01A32bbDD9D20e49Cb8299eAC5b,false,488.86,false,0,false,0,0,0,false,false,false,false,false,false,false,false,false,"1,744",false,210
0x534D4e82EA7eCA7F62c3fdf6D39A541be95Bf951,681.2600717370867,false,681.26,0,false,1,1,0,1,false,false,false,false,false,false,false,9,"1,331",false,1310
0x7C6264DEAfA9F1F0A55dc6CDD6a03d2598393D9A,false,false,false,0,false,0,0,0,false,false,false,false,false,false,false,false,false,"1,137",false,200
0xB1FbaD53FD06082d884c90dbd66c68613453Bf20,false,false,false,0,false,0,0,0,false,false,false,false,false,false,false,false,false,"1,134",1,300
0xD8D79754008006aE578FF2507091543D12f1D8bC,2018.0275068824055,false,false,0,false,1,1,0,1,false,false,false,false,false,false,false,4,"1,125",1,1300
0x4318cC449b1cbE6d64dd82E16abE58C79E076C2B,807.1082080951909,false,53.17,33,false,1,1,1,1,1,1,false,false,false,false,false,236,"4,386",1,2326.587340286246
0x0440DEC91912A3c1De4693cA890C8Ad57697B053,false,false,false,2,false,0,0,0,false,false,false,false,false,false,false,false,false,"1,125",false,300
0x67243d6c3c3bDc2F59D2f74ba1949a02973a529d,1632.7339676452461,false,false,0,false,2,1,0,1,1,1,false,false,1,false,false,166,"1,387",1,1900
0xB0CCf43adA6CBaA26dcf4907117b496d49f74242,19.307184429745323,false,false,51,false,0,1,0,1,false,false,false,false,false,false,false,260,"1,409",1,1600
0x6897abe0fd62b589260784b21f4ca3f78a0d8017,2.657357815560394,false,500.00,10,false,0,2,0,1,1,1,1,false,1,false,false,75,"1,846",1,2510
0x6C965b656C450259a6D4d95A2E68Fb4319EecBc0,579.1720475347569,false,2.22,33,false,0,1,0,1,false,false,false,false,false,false,false,875,"1,469",1,1110.3825730269896
0x5299C7D2b73B6A96231081DabFD54DfCc84feDEB,729.3120638135338,false,1026.44,6,false,0,2,0,1,false,false,false,false,false,false,false,11,"2,284",1,1420
0x4428B7079b868e61053DfEfF75c1a3CcDEb42Cbc,false,false,false,0,false,0,0,0,false,false,false,false,false,false,false,false,false,"3,625",false,200
0x6418fc9Ad45ebba33dEFfB42548A682d3dC1d3Cd,false,false,false,0,false,0,0,0,false,false,false,false,false,false,false,false,false,"1,125",false,200
0x6E00136Eac2f2B439f037B976639f90Cc1824DB5,false,false,false,0,false,0,0,0,false,false,false,false,false,false,false,false,false,"1,125",false,200
0xB00784c401D42f03ccbE1e85b9f2a4aE056C7251,false,false,false,0,false,0,0,0,false,false,false,false,false,false,false,false,false,"1,125",1,300
0x9de78B32339df46ab670b0c580bdEc9Ac68acB76,false,false,false,0,false,0,0,0,false,false,false,false,false,false,false,false,false,"2,250",1,300
0x5c95FED053997f30b7Aa69979C208a5D15479f5D,false,false,false,0,false,0,0,0,false,false,false,false,false,false,false,false,false,"1,125",false,200
0x5AC583Feb2b1f288C0A51d6Cdca2e8c814BFE93B,false,false,false,6,false,0,0,0,1,false,false,false,false,false,false,false,6,"1,125",1,700
0x204323A83506CA93eF23731894B450071541E9DF,false,false,false,0,false,0,0,0,false,false,false,false,false,false,false,false,false,"1,125",1,300
0x554c5aF96E9e3c05AEC01ce18221d0DD25975aB4,2028.2455191426302,false,10.22,0,false,1,1,0,1,false,1,1,false,false,false,false,37,"1,125",false,2120.503785767738
0x615b044B6Ccb048532bcF99AAdf619d7fdD2Aa01,271.8337789004963,false,false,0,false,0,1,0,1,false,false,false,false,false,false,false,2,"1,166",1,1000
0x18190831552EC91237D68ff94fe9124ccBac4163,false,false,false,0,false,0,0,0,false,false,false,false,false,false,false,false,false,"1,125",false,200
0x9D5A0ec9DCab69075E4fF40B46813f6D952bbD65,false,false,false,0,false,0,0,0,false,false,false,false,false,false,false,false,false,"3,169",1,300
0x0363f3c31076a64b85ceb69a28f958a7c1181cee,1464.4066317301529,false,2.31,10,false,0,1,0,1,false,false,false,false,false,false,false,8,"1,125",false,1020.1574119262322
0xC453e07AD5085eE0A9f9BDD03c0f2841A92455f4,false,false,false,0,false,0,0,0,false,false,false,false,false,false,false,false,false,"1,125",false,200
0x39f7E47A5B15a2D28E3e6314aA6BEe450A2546Dc,416.7649160487091,false,7.34,0,false,0,1,0,1,false,false,false,false,false,false,false,52,"1,125",false,911.760854364061
0x48A63097E1Ac123b1f5A8bbfFafA4afa8192FaB0,4284.963691050723,false,35984.41,0,false,0,4,1,1,false,false,false,false,false,false,false,14,"1,125",false,1720
0xc68e8827FC1Dd3b2bc94Ca8b0228268f16dd6cf6,271.8337789004963,false,false,0,false,0,0,0,1,false,false,false,false,false,false,false,21,"2,660",false,500
0x5Ad3b55625553CEf54D7561cD256658537d54AAd,555.92602583913,false,555.93,0,false,0,1,0,false,false,false,false,false,false,false,false,false,"1,125",false,710
0xe89C2545e4e05A79D21351CdEeDa4651ca48DeBc,false,false,false,0,false,0,0,0,1,false,false,false,false,false,false,false,5,"2,272",1,610
0x0F46540678c7e6D2eF983B382CC07Fa815AB148c,7722.182999806891,350.63,67.46,16,false,2,1,1,1,false,false,false,false,false,false,false,419,"2,250",1,1930.8736480526657
0xB939f2016d648968c2168C50409eD4ff3eA5716c,false,false,false,0,false,0,0,0,false,false,false,false,false,false,false,false,false,"1,125",false,200
0x16D9fd80d8e3f055ba7793794E811712dcbdD9c2,false,false,false,0,false,0,0,0,false,false,false,false,false,false,false,false,false,"1,300",1,300
0x17e33637f6B64E9082Ea499481b6e6EbAE7EEA23,8165.883649433717,false,10861.58,0,false,1,2,1,1,false,false,false,false,false,false,false,40,"2,769",false,2010
0x2dd2036C9Db2ADA2739509AF0047c00C8b9291EF,false,false,false,105,false,3,0,0,1,false,false,false,false,1,false,false,22,"1,251",1,1210
0x392057e2845DD19Ef14d74EC689B68D3eF61b5c9,false,false,false,0,false,0,0,0,false,false,false,false,false,false,false,false,false,"1,130",false,200
0x83713a1bE5A18750d8370a51f9D6fF39F6b4e815,false,false,false,0,false,0,0,0,1,false,false,false,false,false,false,false,1,"1,175",1,600
0x597F0fDBb96485CD258777248052fF0e4781FE4C,false,false,false,0,false,0,0,0,1,false,false,false,false,false,false,false,2,"1,125",false,500
0xfcfE8f0b4abb3f376FB064daF7A83cce77536891,false,false,false,0,false,0,0,0,false,false,false,false,false,false,false,false,false,"1,125",false,200
0x039a6c851766821990D8281173FCd429e3763886,false,false,false,0,false,0,0,0,false,false,false,false,false,false,false,false,false,"1,125",false,210
0xb525F6b3b5EFCC0C54582de2F08D890F7793e3e4,2305.351329264845,false,4695.51,7,false,1,2,0,1,false,false,false,false,false,false,false,31,"1,125",1,1710
0xA4D506434445Bb7303eA34A07bc38484cdC64a95,false,false,false,0,false,2,0,0,1,false,1,1,false,false,false,false,40,"1,181",1,1800
0x317bbc1927Be411CD05615d2Ffdf8d320C6C4052,835.3922490630438,false,7.63,0,false,1,1,0,1,false,false,false,false,false,false,false,10,"1,125",1,1310.9136359993736
0x10a84b835C5df26f2A380B3E00bCC84A66cD2d34,false,false,false,1,false,0,0,0,1,false,1,1,false,false,false,false,39,"1,125",1,1600
0x6B64c148AE3321fC403Ee90FE576f11679104799,827.7598047396265,false,827.76,0,false,0,1,0,false,false,false,false,false,false,false,false,false,"1,125",false,720
0xe532bD8FeF1bFa616EfB645e63214bDDF612ED5C,false,false,false,0,false,0,0,0,false,false,false,false,false,false,false,false,false,"1,125",false,200
0x35a6132E12721C6f9475cDD63eaF97f5433aC861,false,false,false,0,false,0,0,0,false,false,false,false,false,false,false,false,false,"1,125",false,200
0x95660B8f62B6372bb8A821872BF957922dE1fe89,1190.267702142779,false,1190.27,0,false,0,1,0,false,false,false,false,false,false,false,false,false,"4,318",false,710
0x89010e1adB2E3E90E7f94245090615c297C733De,false,false,false,0,false,0,0,0,false,false,false,false,false,false,false,false,false,"1,151",false,200
0x0eefc37dba3020531b1b679f0791a44392aa2365,false,false,false,0,false,0,0,0,false,false,false,false,false,false,false,false,false,"1,125",false,200
0xf11704511975cC5908f6dBd89Be922f5C86c1055,false,false,false,40,false,1,0,0,1,1,1,false,false,1,false,false,23,"1,125",1,1610
0x6576dcd9F751C99adb07411B22dDda0be7FfE420,271.8337789004963,false,271.83,0,false,0,1,0,false,false,false,false,false,false,false,false,false,"1,125",false,710
0x81e80B838e04644a93e4F3C701038889d3a1b95e,271.8337789004963,false,271.83,0,false,0,1,0,false,false,false,false,false,false,false,false,false,"1,125",false,710
0xeEE2E0166e342E0b56fE9d5b76Ce2c8eAdd935B4,965.3523186757203,false,false,0,false,0,0,0,1,false,false,false,false,false,false,false,5,"1,125",1,600
0x2915f137DAb849f0b27Aaab4D0DbD67AAEE3c5f0,false,false,false,0,false,0,0,0,false,false,false,false,false,false,false,false,false,"2,250",1,300
0xcBc473f08a515cD8E612f63A254278879F1eD315,false,false,false,0,false,0,0,0,1,false,false,false,false,false,false,false,1,"1,125",false,500
0xB7805B7b514B4BDBce556772915B2Aa9179507A4,false,false,false,0,false,0,0,0,false,false,false,false,false,false,false,false,false,"1,125",false,200
0x1375847014BA64517210cBFE185808232Cf45d4a,555.92602583913,false,555.93,0,false,0,1,0,1,false,false,false,false,1,false,false,1,"2,117",1,1310
0x1E975f53956d644868F3eA25690b1bbEda658565,827.7598047396265,false,827.76,0,false,0,1,0,false,false,false,false,false,false,false,false,false,"4,006",1,810
0xf09c860cAc4119C959ADB58fA4ad9bDdF665875F,1194.9710971285833,false,false,0,false,0,1,0,1,1,1,1,false,false,false,false,37,"1,125",false,1800
0x809C9f8dd8CA93A41c3adca4972Fa234C28F7714,1635.5965806923293,false,628.94,15,false,1,2,0,1,false,1,false,false,1,false,false,58,"1,125",1,2048.4530798810506
0x1E8eE48D0621289297693fC98914DA2EfDcE1477,34783.95831347979,false,475.44,15,false,2,2,0,1,1,1,false,false,false,false,false,535,"2,270",1,1821.3668292851619
0xd1a317989c846E42F64128dAeBd975f857068a8C,false,false,false,0,false,0,0,0,false,false,false,false,false,false,false,false,false,"1,150",false,200
0x1e9a926493fdc4A4B2Aef98fb9FF8D90C27527D1,false,false,false,0,false,0,0,0,false,false,false,false,false,false,false,false,false,"2,375",1,300
0x05a45e7416C77C822e24e9679af29D1f07589b40,false,false,false,0,false,0,0,0,false,false,false,false,false,false,false,false,false,"2,182",1,300
0x7735f817ac266ec4385e3c38df96082dd632895b,false,false,false,0,false,0,0,0,false,false,false,false,false,false,false,false,false,"1,125",1,300
0x9ae494fbac34682c122a1d4e3d6ae1eb5404a469,854.389705436737,false,false,3,false,1,1,0,1,1,1,false,false,1,false,false,222,"1,125",1,2000
0xb950e0e108546743af96eb493d4ff2abc63816db,827.7598047396265,false,0.76,0,false,0,1,0,1,false,false,false,false,false,false,false,4,"3,323",1,1010.0917904850266
0x144c4e5027b69f7798b2b162d924bcae5c149f15,887.6564875625608,false,109.27,0,false,1,2,0,1,1,1,1,false,false,false,false,62,"1,287",1,2232.3102468367942
0x05be06b424448052193d53db8955d246a8dbb98a,774.5568842816369,false,330.52,0,false,0,2,0,1,false,false,false,false,false,false,false,18,"1,125",1,1052.6721051505224
0xa4d338186d93a77b5a82ac8253b79050b0058275,1087.9826416705416,false,false,1,false,1,2,1,1,false,1,false,false,false,false,false,212,"1,125",1,2300
0xe885626097850ec1c5759d4bc8718c8762c68077,3457.980920238145,false,6433.96,0,false,1,2,1,1,false,false,false,false,false,false,false,29,"1,375",1,2110
0x3fa821e3cfb7af05afd94fe13cde71f28d0f310c,false,false,false,0,false,0,0,0,false,false,false,false,false,false,false,false,false,"1,125",1,300
0x1ecc36686f9dd00f892a7b9562db4f0da92409a7,false,false,false,0,false,0,0,0,false,false,false,false,false,false,false,false,false,"1,173",1,300
0x9b231950070308a3930a08020316dbb6999924c2,false,false,false,0,false,1,0,0,false,false,false,false,false,false,false,false,false,"1,125",1,600
0x1409a9ef3450D5d50aAd004f417436e772FbF8fC,false,false,false,0,false,0,0,0,false,false,false,false,false,false,false,false,1,"1,125",1,400
0xdca6F7CB3cF361C8dF8FDE119370F1b21b2fFf63,false,false,false,1,false,0,0,0,false,false,false,false,false,false,false,false,false,"1,125",1,400
0x3E31155a1c17c9F85e74828447aec412090a4622,2018.6404092469836,false,7564.65,11,false,0,2,1,1,1,1,1,false,false,false,false,26,"1,125",1,2820
0x86df6c44C599E58042475fa64760c4F13cA186C5,false,false,false,0,false,0,0,0,false,false,false,false,false,false,false,false,false,"1,125",1,300
0xa6BBa3FD4493e614C97E1dFc39FD55759AEA4F9A,732.8361702764281,false,202.95,0,false,0,2,1,1,false,false,false,false,false,false,false,4,"1,125",1,1537.694081006601
0x67434E4F16fb70E59c91b8642522fAC5b0C292C1,false,false,false,17,false,0,0,0,1,false,1,1,false,1,false,false,17,"1,125",1,1800
0x721ba19c32051fd8e851a74958c52936516c7fdc,false,265.00,53.22,10,false,0,0,0,1,false,false,false,false,false,false,false,40,"1,125",1,1230
0xe7358d1805f27BAe1031c37d54e29888c7C87622,555.92602583913,false,false,0,false,3,0,0,1,1,1,false,false,false,false,false,25,"1,125",1,1300
0x3F20a6fE04b3A4b37bBBBea826ae23be56Baed74,false,false,false,2,false,1,0,0,1,false,false,false,false,false,false,false,4,"1,125",1,1000
0x9672c0e1639f159334ca1288d4a24deb02117291,false,false,false,1,false,0,0,0,1,false,false,false,false,1,false,false,3,"1,125",1,900
0x7028956e9dBF459775Cc2E071BE4331B711E56Fa,false,false,false,0,false,0,0,0,1,false,false,false,false,false,false,false,1,"1,125",1,600
0x59DDA36bD196Ec849838CE2163E6821f946b37Dc,false,false,239.11,126,false,0,0,0,1,false,1,1,false,1,false,false,37,"1,125",1,2120
